3/1/2026 4:05:00 PM,1.17775,1.1789,1.1768,1.17875,2074
3/1/2026 4:10:00 PM,1.1787,1.1796,1.1786,1.17935,844
3/1/2026 4:15:00 PM,1.17935,1.17945,1.1783,1.17855,592
3/1/2026 4:20:00 PM,1.1785,1.17875,1.17795,1.17805,634
3/1/2026 4:25:00 PM,1.1781,1.1782,1.1775,1.1777,765
3/1/2026 4:30:00 PM,1.17765,1.178,1.17685,1.17705,824
3/1/2026 4:35:00 PM,1.17705,1.17745,1.17655,1.1771,922
3/1/2026 4:40:00 PM,1.1771,1.1773,1.17665,1.17695,403
3/1/2026 4:45:00 PM,1.1769,1.1774,1.1769,1.17735,547
3/1/2026 4:50:00 PM,1.1774,1.17755,1.1767,1.1767,431
3/1/2026 4:55:00 PM,1.17675,1.17695,1.17645,1.17675,480
3/1/2026 5:00:00 PM,1.1767,1.17685,1.1766,1.1767,240
3/1/2026 5:05:00 PM,1.1767,1.17695,1.17635,1.17665,846
3/1/2026 5:10:00 PM,1.17675,1.1775,1.17655,1.17745,918
3/1/2026 5:15:00 PM,1.17745,1.1779,1.1774,1.1778,449
3/1/2026 5:20:00 PM,1.1778,1.17845,1.17775,1.17805,861
3/1/2026 5:25:00 PM,1.17805,1.17825,1.1779,1.1781,249
3/1/2026 5:30:00 PM,1.1781,1.17825,1.17755,1.1778,389
3/1/2026 5:35:00 PM,1.17785,1.17785,1.17735,1.17735,265
3/1/2026 5:40:00 PM,1.17735,1.17765,1.1771,1.17765,304
3/1/2026 5:45:00 PM,1.1776,1.17795,1.1776,1.1778,185
3/1/2026 5:50:00 PM,1.17785,1.178,1.1776,1.17765,248
3/1/2026 5:55:00 PM,1.1777,1.17775,1.17745,1.17765,344
3/1/2026 6:00:00 PM,1.17765,1.17855,1.1775,1.1785,675
3/1/2026 6:05:00 PM,1.17845,1.17895,1.17835,1.1786,599
3/1/2026 6:10:00 PM,1.1786,1.17895,1.1784,1.1789,350
3/1/2026 6:15:00 PM,1.1789,1.1797,1.1789,1.1795,659
3/1/2026 6:20:00 PM,1.1795,1.17965,1.179,1.1791,455
3/1/2026 6:25:00 PM,1.1791,1.1793,1.1789,1.17895,351
3/1/2026 6:30:00 PM,1.17895,1.1793,1.1789,1.1793,252
3/1/2026 6:35:00 PM,1.1793,1.1801,1.1791,1.18005,464
3/1/2026 6:40:00 PM,1.18,1.18025,1.1799,1.18005,533
3/1/2026 6:45:00 PM,1.1801,1.18015,1.1797,1.17985,349
3/1/2026 6:50:00 PM,1.17985,1.17995,1.1796,1.17985,376
3/1/2026 6:55:00 PM,1.1799,1.18005,1.17955,1.1798,140
3/1/2026 7:00:00 PM,1.1798,1.18005,1.17975,1.17995,161
3/1/2026 7:05:00 PM,1.18,1.18015,1.17965,1.1798,197
3/1/2026 7:10:00 PM,1.17985,1.1799,1.1793,1.17945,223
3/1/2026 7:15:00 PM,1.1794,1.17945,1.1792,1.1793,314
3/1/2026 7:20:00 PM,1.17935,1.17935,1.17895,1.17895,295
3/1/2026 7:25:00 PM,1.179,1.1792,1.1789,1.1791,195
3/1/2026 7:30:00 PM,1.179,1.1792,1.179,1.1791,144
3/1/2026 7:35:00 PM,1.1792,1.17935,1.1791,1.1793,138
3/1/2026 7:40:00 PM,1.17935,1.17955,1.1791,1.17955,257
3/1/2026 7:45:00 PM,1.17955,1.17965,1.17935,1.17935,268
3/1/2026 7:50:00 PM,1.1794,1.17955,1.17925,1.17925,205
3/1/2026 7:55:00 PM,1.1793,1.17955,1.17925,1.1795,123
3/1/2026 8:00:00 PM,1.1796,1.1797,1.17945,1.1796,162
3/1/2026 8:05:00 PM,1.1797,1.17995,1.17965,1.1799,200
3/1/2026 8:10:00 PM,1.17995,1.1802,1.17985,1.17985,166
3/1/2026 8:15:00 PM,1.1798,1.18,1.17975,1.1798,106
3/1/2026 8:20:00 PM,1.17985,1.17995,1.17985,1.17995,50
3/1/2026 8:25:00 PM,1.18,1.1802,1.18,1.18005,137
3/1/2026 8:30:00 PM,1.18005,1.1804,1.18005,1.1802,161
3/1/2026 8:35:00 PM,1.1802,1.18035,1.17995,1.17995,362
3/1/2026 8:40:00 PM,1.18,1.1801,1.1799,1.18,300
3/1/2026 8:45:00 PM,1.18,1.1802,1.17985,1.18005,294
3/1/2026 8:50:00 PM,1.1801,1.18015,1.17985,1.18005,178
3/1/2026 8:55:00 PM,1.18,1.18005,1.17985,1.17985,28
3/1/2026 9:00:00 PM,1.1799,1.1799,1.17965,1.17965,108
3/1/2026 9:05:00 PM,1.1797,1.1798,1.1797,1.1798,81
3/1/2026 9:10:00 PM,1.17975,1.17975,1.1795,1.17955,95
3/1/2026 9:15:00 PM,1.17955,1.1796,1.1795,1.17955,53
3/1/2026 9:20:00 PM,1.17955,1.1797,1.1793,1.1793,201
3/1/2026 9:25:00 PM,1.17935,1.17945,1.17915,1.1793,197
3/1/2026 9:30:00 PM,1.1793,1.1795,1.1793,1.1795,94
3/1/2026 9:35:00 PM,1.17945,1.17955,1.1794,1.1795,167
3/1/2026 9:40:00 PM,1.17945,1.17955,1.17925,1.17925,142
3/1/2026 9:45:00 PM,1.17925,1.17935,1.17905,1.17915,109
3/1/2026 9:50:00 PM,1.1791,1.17915,1.17895,1.17915,88
3/1/2026 9:55:00 PM,1.1791,1.17925,1.17905,1.17925,69
3/1/2026 10:00:00 PM,1.1792,1.1794,1.17915,1.1794,194
3/1/2026 10:05:00 PM,1.1794,1.1794,1.17895,1.17895,140
3/1/2026 10:10:00 PM,1.1789,1.17895,1.17865,1.1787,165
3/1/2026 10:15:00 PM,1.17875,1.17875,1.17835,1.17835,241
3/1/2026 10:20:00 PM,1.1784,1.17845,1.1783,1.17845,91
3/1/2026 10:25:00 PM,1.17845,1.17845,1.17825,1.17845,148
3/1/2026 10:30:00 PM,1.1784,1.1785,1.1783,1.17835,103
3/1/2026 10:35:00 PM,1.1784,1.1787,1.1784,1.17865,82
3/1/2026 10:40:00 PM,1.17865,1.1787,1.1785,1.1785,111
3/1/2026 10:45:00 PM,1.17845,1.17845,1.1781,1.1781,74
3/1/2026 10:50:00 PM,1.17815,1.17815,1.17785,1.17785,215
3/1/2026 10:55:00 PM,1.1779,1.17815,1.1779,1.17795,199
3/1/2026 11:00:00 PM,1.17795,1.17795,1.1774,1.17745,316
3/1/2026 11:05:00 PM,1.17745,1.17745,1.17645,1.1766,903
3/1/2026 11:10:00 PM,1.17665,1.1769,1.17655,1.1768,510
3/1/2026 11:15:00 PM,1.17675,1.17675,1.1761,1.1761,855
3/1/2026 11:20:00 PM,1.17615,1.17625,1.17575,1.17605,805
3/1/2026 11:25:00 PM,1.176,1.1761,1.17485,1.1749,2046
3/1/2026 11:30:00 PM,1.1749,1.1752,1.17435,1.17485,1306
3/1/2026 11:35:00 PM,1.1749,1.17505,1.1745,1.17465,963
3/1/2026 11:40:00 PM,1.17465,1.1751,1.1744,1.17445,1355
3/1/2026 11:45:00 PM,1.17445,1.17445,1.1736,1.17405,1885
3/1/2026 11:50:00 PM,1.17405,1.1747,1.17385,1.17465,950
3/1/2026 11:55:00 PM,1.1746,1.17465,1.1739,1.17395,1198
3/2/2026 12:00:00 AM,1.17395,1.1741,1.17375,1.174,805
3/2/2026 12:05:00 AM,1.174,1.1742,1.17325,1.1734,1590
3/2/2026 12:10:00 AM,1.17335,1.1735,1.17295,1.1731,958
3/2/2026 12:15:00 AM,1.17315,1.17365,1.17305,1.17325,1164
3/2/2026 12:20:00 AM,1.1733,1.17355,1.1724,1.1727,1433
3/2/2026 12:25:00 AM,1.1727,1.17345,1.1724,1.17335,1104
3/2/2026 12:30:00 AM,1.17335,1.1735,1.173,1.17305,1043
3/2/2026 12:35:00 AM,1.173,1.1735,1.17275,1.1728,1414
3/2/2026 12:40:00 AM,1.17285,1.1732,1.172,1.1725,1269
3/2/2026 12:45:00 AM,1.17245,1.1726,1.172,1.1723,1292
3/2/2026 12:50:00 AM,1.17235,1.17235,1.17155,1.17155,1861
3/2/2026 12:55:00 AM,1.17155,1.1719,1.17115,1.1719,1942
3/2/2026 1:00:00 AM,1.17185,1.1725,1.1718,1.1724,2250
3/2/2026 1:05:00 AM,1.17235,1.1731,1.1723,1.17235,3160
3/2/2026 1:10:00 AM,1.1724,1.17245,1.17185,1.17225,1939
3/2/2026 1:15:00 AM,1.1722,1.17255,1.1719,1.17225,1404
3/2/2026 1:20:00 AM,1.1723,1.1724,1.1717,1.17185,1214
3/2/2026 1:25:00 AM,1.17185,1.17185,1.1711,1.1712,1868
3/2/2026 1:30:00 AM,1.17115,1.1714,1.17095,1.171,1507
3/2/2026 1:35:00 AM,1.171,1.17115,1.17055,1.17115,2320
3/2/2026 1:40:00 AM,1.1711,1.17125,1.1706,1.1709,1696
3/2/2026 1:45:00 AM,1.1709,1.17215,1.17075,1.1719,2252
3/2/2026 1:50:00 AM,1.17195,1.1727,1.17185,1.17255,1449
3/2/2026 1:55:00 AM,1.17255,1.1732,1.17255,1.17315,2037
3/2/2026 2:00:00 AM,1.1731,1.1732,1.1729,1.17305,1342
3/2/2026 2:05:00 AM,1.17305,1.174,1.1729,1.17385,2219
3/2/2026 2:10:00 AM,1.1739,1.17455,1.1739,1.17425,1781
3/2/2026 2:15:00 AM,1.1743,1.1748,1.17425,1.17475,1296
3/2/2026 2:20:00 AM,1.1748,1.17515,1.1745,1.1749,1208
3/2/2026 2:25:00 AM,1.1749,1.17495,1.17445,1.17445,1164
3/2/2026 2:30:00 AM,1.1745,1.1747,1.17415,1.1745,1353
3/2/2026 2:35:00 AM,1.1745,1.17505,1.1745,1.17475,922
3/2/2026 2:40:00 AM,1.17475,1.17495,1.1745,1.17455,753
3/2/2026 2:45:00 AM,1.17455,1.17475,1.17415,1.1747,973
3/2/2026 2:50:00 AM,1.17465,1.17475,1.17435,1.1747,1040
3/2/2026 2:55:00 AM,1.17475,1.17475,1.17385,1.1741,2120
3/2/2026 3:00:00 AM,1.17405,1.1744,1.174,1.1741,1279
3/2/2026 3:05:00 AM,1.1741,1.1748,1.1741,1.1745,1514
3/2/2026 3:10:00 AM,1.17455,1.17455,1.1741,1.17435,1269
3/2/2026 3:15:00 AM,1.1744,1.1745,1.1741,1.1743,851
3/2/2026 3:20:00 AM,1.1743,1.1752,1.17425,1.17515,1240
3/2/2026 3:25:00 AM,1.17515,1.17555,1.17505,1.17535,1278
3/2/2026 3:30:00 AM,1.17535,1.17545,1.17515,1.17535,559
3/2/2026 3:35:00 AM,1.17535,1.1755,1.1752,1.1752,442
3/2/2026 3:40:00 AM,1.1752,1.1753,1.1748,1.17515,575
3/2/2026 3:45:00 AM,1.1751,1.17535,1.17495,1.17535,1429
3/2/2026 3:50:00 AM,1.1754,1.1754,1.17475,1.1748,580
3/2/2026 3:55:00 AM,1.17475,1.1748,1.1744,1.17455,403
3/2/2026 4:00:00 AM,1.17455,1.1747,1.1743,1.17465,592
3/2/2026 4:05:00 AM,1.1747,1.1748,1.17425,1.1743,622
3/2/2026 4:10:00 AM,1.17435,1.1745,1.174,1.17425,693
3/2/2026 4:15:00 AM,1.1742,1.1742,1.174,1.1742,345
3/2/2026 4:20:00 AM,1.1742,1.1742,1.17365,1.1738,704
3/2/2026 4:25:00 AM,1.1738,1.1738,1.1735,1.1738,916
3/2/2026 4:30:00 AM,1.1738,1.1741,1.17355,1.17355,898
3/2/2026 4:35:00 AM,1.1735,1.17385,1.17345,1.1738,469
3/2/2026 4:40:00 AM,1.17385,1.17425,1.17385,1.17415,722
3/2/2026 4:45:00 AM,1.17415,1.17425,1.174,1.1742,422
3/2/2026 4:50:00 AM,1.1742,1.1749,1.17405,1.1748,589
3/2/2026 4:55:00 AM,1.1748,1.17485,1.17435,1.17435,528
3/2/2026 5:00:00 AM,1.17435,1.17445,1.174,1.17415,758
3/2/2026 5:05:00 AM,1.1741,1.1742,1.1738,1.1741,874
3/2/2026 5:10:00 AM,1.17405,1.17415,1.17345,1.1735,1262
3/2/2026 5:15:00 AM,1.1735,1.1736,1.17325,1.1733,929
3/2/2026 5:20:00 AM,1.1733,1.17345,1.17265,1.17275,2238
3/2/2026 5:25:00 AM,1.1727,1.173,1.17255,1.17295,982
3/2/2026 5:30:00 AM,1.1729,1.17315,1.1727,1.1727,758
3/2/2026 5:35:00 AM,1.1728,1.1728,1.1726,1.17275,718
3/2/2026 5:40:00 AM,1.1728,1.173,1.17245,1.17275,1070
3/2/2026 5:45:00 AM,1.1728,1.17285,1.1721,1.17215,1685
3/2/2026 5:50:00 AM,1.17215,1.1723,1.17125,1.17165,1467
3/2/2026 5:55:00 AM,1.17165,1.17165,1.17135,1.1714,1097
3/2/2026 6:00:00 AM,1.1714,1.1714,1.171,1.17115,2537
3/2/2026 6:05:00 AM,1.1712,1.1718,1.1711,1.1711,2535
3/2/2026 6:10:00 AM,1.1711,1.1712,1.17045,1.17055,3014
3/2/2026 6:15:00 AM,1.17055,1.17145,1.1705,1.17135,2753
3/2/2026 6:20:00 AM,1.17135,1.172,1.1713,1.1719,2884
3/2/2026 6:25:00 AM,1.17195,1.17215,1.17165,1.172,2537
3/2/2026 6:30:00 AM,1.172,1.17265,1.17195,1.1724,2299
3/2/2026 6:35:00 AM,1.1724,1.1724,1.17165,1.17165,1503
3/2/2026 6:40:00 AM,1.17175,1.1718,1.171,1.1712,1418
3/2/2026 6:45:00 AM,1.17115,1.17145,1.17085,1.171,1764
3/2/2026 6:50:00 AM,1.171,1.17185,1.171,1.17125,1628
3/2/2026 6:55:00 AM,1.1712,1.17125,1.17075,1.17075,953
3/2/2026 7:00:00 AM,1.1708,1.17085,1.1703,1.17065,1597
3/2/2026 7:05:00 AM,1.17065,1.17075,1.17025,1.1705,2554
3/2/2026 7:10:00 AM,1.1706,1.17195,1.1706,1.1717,2001
3/2/2026 7:15:00 AM,1.17165,1.17165,1.1711,1.1711,1307
3/2/2026 7:20:00 AM,1.1711,1.17155,1.1706,1.17145,1450
3/2/2026 7:25:00 AM,1.1715,1.17175,1.17105,1.17125,1680
3/2/2026 7:30:00 AM,1.17125,1.17155,1.1711,1.17125,898
3/2/2026 7:35:00 AM,1.17125,1.17235,1.171,1.17235,1386
3/2/2026 7:40:00 AM,1.17235,1.17275,1.1722,1.1723,1639
3/2/2026 7:45:00 AM,1.17225,1.17275,1.1722,1.17255,2828
3/2/2026 7:50:00 AM,1.1725,1.17275,1.1723,1.1727,1172
3/2/2026 7:55:00 AM,1.17265,1.1732,1.17245,1.17275,2130
3/2/2026 8:00:00 AM,1.17275,1.17295,1.1722,1.1726,1808
3/2/2026 8:05:00 AM,1.1725,1.1725,1.1718,1.1724,2767
3/2/2026 8:10:00 AM,1.17235,1.17235,1.1716,1.17175,1936
3/2/2026 8:15:00 AM,1.1717,1.172,1.17145,1.17145,1621
3/2/2026 8:20:00 AM,1.17145,1.1715,1.1711,1.17125,2354
3/2/2026 8:25:00 AM,1.17125,1.1714,1.1709,1.1712,2071
3/2/2026 8:30:00 AM,1.1712,1.1714,1.17095,1.17105,1078
3/2/2026 8:35:00 AM,1.17105,1.1713,1.17095,1.1712,844
3/2/2026 8:40:00 AM,1.1712,1.1712,1.17005,1.17015,3543
3/2/2026 8:45:00 AM,1.1701,1.1707,1.1701,1.1704,2127
3/2/2026 8:50:00 AM,1.1704,1.1704,1.16955,1.17015,2657
3/2/2026 8:55:00 AM,1.17015,1.17015,1.1694,1.1696,2170
3/2/2026 9:00:00 AM,1.1696,1.1697,1.16875,1.1688,5480
3/2/2026 9:05:00 AM,1.16885,1.1689,1.16845,1.16875,3876
3/2/2026 9:10:00 AM,1.16875,1.1688,1.16835,1.16845,1766
3/2/2026 9:15:00 AM,1.16845,1.1688,1.1683,1.1687,2706
3/2/2026 9:20:00 AM,1.1687,1.1688,1.16805,1.1681,2651
3/2/2026 9:25:00 AM,1.1681,1.16875,1.168,1.1687,2276
3/2/2026 9:30:00 AM,1.16875,1.1691,1.16875,1.16895,2597
3/2/2026 9:35:00 AM,1.169,1.1691,1.1682,1.1688,4486
3/2/2026 9:40:00 AM,1.16885,1.16915,1.16855,1.1687,2577
3/2/2026 9:45:00 AM,1.16875,1.16955,1.16875,1.16935,1253
3/2/2026 9:50:00 AM,1.1693,1.1696,1.16925,1.16945,1557
3/2/2026 9:55:00 AM,1.1695,1.16985,1.1695,1.1696,1392
3/2/2026 10:00:00 AM,1.1696,1.17025,1.1695,1.16975,2032
3/2/2026 10:05:00 AM,1.1698,1.17,1.1695,1.17,980
3/2/2026 10:10:00 AM,1.16995,1.1704,1.16995,1.1703,1143
3/2/2026 10:15:00 AM,1.17025,1.17075,1.1702,1.17065,2346
3/2/2026 10:20:00 AM,1.17065,1.1708,1.1704,1.1706,861
3/2/2026 10:25:00 AM,1.17065,1.17125,1.1706,1.171,1861
3/2/2026 10:30:00 AM,1.171,1.171,1.17045,1.1707,2380
3/2/2026 10:35:00 AM,1.1707,1.1708,1.17035,1.17045,970
3/2/2026 10:40:00 AM,1.17045,1.17055,1.17025,1.1704,567
3/2/2026 10:45:00 AM,1.1704,1.17085,1.1704,1.1706,804
3/2/2026 10:50:00 AM,1.1706,1.1706,1.1703,1.1705,567
3/2/2026 10:55:00 AM,1.1705,1.17125,1.1705,1.1712,733
3/2/2026 11:00:00 AM,1.1712,1.1716,1.1711,1.1715,672
3/2/2026 11:05:00 AM,1.17155,1.17155,1.17065,1.17075,2282
3/2/2026 11:10:00 AM,1.1707,1.17085,1.17055,1.17075,860
3/2/2026 11:15:00 AM,1.17075,1.1711,1.1706,1.17105,932
3/2/2026 11:20:00 AM,1.171,1.1711,1.17035,1.1706,1882
3/2/2026 11:25:00 AM,1.17055,1.17055,1.1701,1.1702,681
3/2/2026 11:30:00 AM,1.1702,1.17025,1.17,1.17015,525
3/2/2026 11:35:00 AM,1.1701,1.1704,1.16995,1.16995,868
3/2/2026 11:40:00 AM,1.17,1.17005,1.16955,1.1696,1414
3/2/2026 11:45:00 AM,1.1696,1.16965,1.16945,1.16955,501
3/2/2026 11:50:00 AM,1.16955,1.1702,1.1695,1.17015,712
3/2/2026 11:55:00 AM,1.17015,1.17025,1.17,1.17025,493
3/2/2026 12:00:00 PM,1.1702,1.17035,1.1701,1.17025,500
3/2/2026 12:05:00 PM,1.17025,1.1707,1.1702,1.17065,976
3/2/2026 12:10:00 PM,1.17065,1.1709,1.1705,1.1709,1427
3/2/2026 12:15:00 PM,1.1709,1.1711,1.17085,1.17105,917
3/2/2026 12:20:00 PM,1.171,1.17115,1.1709,1.1711,946
3/2/2026 12:25:00 PM,1.1711,1.17135,1.17105,1.1713,836
3/2/2026 12:30:00 PM,1.1713,1.1717,1.17125,1.17165,1377
3/2/2026 12:35:00 PM,1.1717,1.17195,1.1715,1.1719,1131
3/2/2026 12:40:00 PM,1.1719,1.1721,1.17175,1.1718,902
3/2/2026 12:45:00 PM,1.1718,1.1721,1.1717,1.17195,918
3/2/2026 12:50:00 PM,1.17195,1.17215,1.1718,1.1721,885
3/2/2026 12:55:00 PM,1.1721,1.1722,1.1718,1.172,728
3/2/2026 1:00:00 PM,1.17205,1.17215,1.1719,1.1719,2231
3/2/2026 1:05:00 PM,1.17195,1.17215,1.17155,1.17165,1590
3/2/2026 1:10:00 PM,1.1716,1.1717,1.16965,1.1699,4342
3/2/2026 1:15:00 PM,1.1699,1.16995,1.16875,1.16885,2488
3/2/2026 1:20:00 PM,1.16885,1.1698,1.16865,1.16945,2554
3/2/2026 1:25:00 PM,1.16945,1.1696,1.16885,1.1693,1147
3/2/2026 1:30:00 PM,1.16935,1.1695,1.1688,1.1689,1345
3/2/2026 1:35:00 PM,1.16895,1.16935,1.1687,1.16915,1332
3/2/2026 1:40:00 PM,1.16915,1.1699,1.16905,1.16985,646
3/2/2026 1:45:00 PM,1.1699,1.17005,1.16975,1.17,509
3/2/2026 1:50:00 PM,1.16995,1.17005,1.1694,1.16955,517
3/2/2026 1:55:00 PM,1.1696,1.16995,1.1695,1.1698,384
3/2/2026 2:00:00 PM,1.1699,1.1701,1.16975,1.1698,769
3/2/2026 2:05:00 PM,1.16985,1.1701,1.16975,1.16995,237
3/2/2026 2:10:00 PM,1.17,1.17025,1.17,1.17,132
3/2/2026 2:15:00 PM,1.16995,1.17005,1.1699,1.17,66
3/2/2026 2:20:00 PM,1.17005,1.17015,1.17,1.17005,138
3/2/2026 2:25:00 PM,1.16995,1.17025,1.16995,1.17025,140
3/2/2026 2:30:00 PM,1.17025,1.1703,1.1702,1.17025,138
3/2/2026 2:35:00 PM,1.17015,1.17015,1.16985,1.16985,238
3/2/2026 2:40:00 PM,1.1699,1.17005,1.1699,1.17005,111
3/2/2026 2:45:00 PM,1.1699,1.17005,1.1699,1.17005,31
3/2/2026 2:50:00 PM,1.17005,1.17005,1.1698,1.16985,173
3/2/2026 2:55:00 PM,1.16985,1.16995,1.16985,1.1699,76
3/2/2026 3:00:00 PM,1.16985,1.1699,1.16965,1.16975,237
3/2/2026 4:05:00 PM,1.1697,1.16995,1.16935,1.16985,485
3/2/2026 4:10:00 PM,1.1699,1.1701,1.16975,1.17005,334
3/2/2026 4:15:00 PM,1.17005,1.17025,1.17005,1.1702,159
3/2/2026 4:20:00 PM,1.17025,1.17045,1.17025,1.17045,118
3/2/2026 4:25:00 PM,1.1704,1.1705,1.1704,1.17045,98
3/2/2026 4:30:00 PM,1.1705,1.17055,1.17045,1.17045,56
3/2/2026 4:35:00 PM,1.1704,1.17045,1.17035,1.17045,125
3/2/2026 4:40:00 PM,1.17045,1.1705,1.17035,1.1704,82
3/2/2026 4:45:00 PM,1.17035,1.1705,1.1703,1.1704,25
3/2/2026 4:50:00 PM,1.1704,1.1705,1.17035,1.1705,117
3/2/2026 4:55:00 PM,1.17045,1.17055,1.1704,1.1704,71
3/2/2026 5:00:00 PM,1.1704,1.1704,1.1702,1.1702,63
3/2/2026 5:05:00 PM,1.1702,1.17025,1.16965,1.1698,300
3/2/2026 5:10:00 PM,1.16975,1.16985,1.16965,1.16985,119
3/2/2026 5:15:00 PM,1.1699,1.17005,1.1697,1.1697,141
3/2/2026 5:20:00 PM,1.1697,1.16975,1.16955,1.16975,155
3/2/2026 5:25:00 PM,1.1698,1.17,1.16975,1.16995,132
3/2/2026 5:30:00 PM,1.1699,1.1699,1.1698,1.16985,147
3/2/2026 5:35:00 PM,1.16985,1.1699,1.16975,1.1698,94
3/2/2026 5:40:00 PM,1.1698,1.1698,1.16935,1.16935,115
3/2/2026 5:45:00 PM,1.1694,1.16975,1.1694,1.16975,255
3/2/2026 5:50:00 PM,1.1698,1.17015,1.16975,1.1701,143
3/2/2026 5:55:00 PM,1.17015,1.1702,1.1699,1.1699,223
3/2/2026 6:00:00 PM,1.16995,1.1703,1.1699,1.17025,502
3/2/2026 6:05:00 PM,1.17025,1.1704,1.16995,1.1704,375
3/2/2026 6:10:00 PM,1.17035,1.1705,1.1702,1.17035,144
3/2/2026 6:15:00 PM,1.17035,1.17045,1.17025,1.1704,84
3/2/2026 6:20:00 PM,1.1704,1.17075,1.1703,1.1707,450
3/2/2026 6:25:00 PM,1.1707,1.1714,1.1707,1.1714,695
3/2/2026 6:30:00 PM,1.17135,1.1714,1.171,1.171,286
3/2/2026 6:35:00 PM,1.17105,1.1713,1.1709,1.1712,318
3/2/2026 6:40:00 PM,1.17115,1.1714,1.1711,1.1712,282
3/2/2026 6:45:00 PM,1.1712,1.1712,1.1707,1.17075,144
3/2/2026 6:50:00 PM,1.1708,1.171,1.17075,1.17075,183
3/2/2026 6:55:00 PM,1.17075,1.1709,1.17065,1.1707,217
3/2/2026 7:00:00 PM,1.1707,1.1707,1.1704,1.17045,320
3/2/2026 7:05:00 PM,1.1704,1.1704,1.1698,1.1703,346
3/2/2026 7:10:00 PM,1.17035,1.17035,1.17005,1.17005,459
3/2/2026 7:15:00 PM,1.1701,1.17015,1.16975,1.1699,419
3/2/2026 7:20:00 PM,1.1699,1.16995,1.16945,1.16955,290
3/2/2026 7:25:00 PM,1.16955,1.1698,1.16935,1.1698,316
3/2/2026 7:30:00 PM,1.16985,1.17025,1.1698,1.1702,235
3/2/2026 7:35:00 PM,1.1702,1.17045,1.17,1.17045,208
3/2/2026 7:40:00 PM,1.17045,1.1706,1.17035,1.1704,125
3/2/2026 7:45:00 PM,1.1705,1.1707,1.17025,1.1703,148
3/2/2026 7:50:00 PM,1.17025,1.1704,1.1702,1.1703,111
3/2/2026 7:55:00 PM,1.17025,1.1704,1.17015,1.17035,145
3/2/2026 8:00:00 PM,1.17035,1.1704,1.17015,1.1702,117
3/2/2026 8:05:00 PM,1.1702,1.1705,1.1702,1.17035,126
3/2/2026 8:10:00 PM,1.1703,1.17035,1.17005,1.17005,140
3/2/2026 8:15:00 PM,1.17005,1.1701,1.16975,1.16985,108
3/2/2026 8:20:00 PM,1.16985,1.17005,1.16985,1.1699,85
3/2/2026 8:25:00 PM,1.1699,1.1699,1.16955,1.16965,69
3/2/2026 8:30:00 PM,1.1696,1.1696,1.16945,1.16945,102
3/2/2026 8:35:00 PM,1.16945,1.1698,1.1694,1.16975,83
3/2/2026 8:40:00 PM,1.1698,1.17005,1.16975,1.17,161
3/2/2026 8:45:00 PM,1.17,1.17015,1.16995,1.1701,59
3/2/2026 8:50:00 PM,1.17005,1.17015,1.1699,1.1699,56
3/2/2026 8:55:00 PM,1.16985,1.16985,1.1697,1.1698,93
3/2/2026 9:00:00 PM,1.1698,1.16995,1.1698,1.1698,98
3/2/2026 9:05:00 PM,1.1698,1.17,1.16975,1.16995,82
3/2/2026 9:10:00 PM,1.16995,1.1701,1.16985,1.16995,115
3/2/2026 9:15:00 PM,1.16995,1.16995,1.1696,1.1697,127
3/2/2026 9:20:00 PM,1.16965,1.1698,1.16955,1.1698,253
3/2/2026 9:25:00 PM,1.1698,1.17005,1.1698,1.1699,86
3/2/2026 9:30:00 PM,1.1699,1.17,1.1697,1.1697,71
3/2/2026 9:35:00 PM,1.16975,1.16985,1.16965,1.1697,60
3/2/2026 9:40:00 PM,1.1697,1.1697,1.16945,1.16945,29
3/2/2026 9:45:00 PM,1.16945,1.16955,1.16935,1.1694,100
3/2/2026 9:50:00 PM,1.1694,1.1694,1.16895,1.16895,191
3/2/2026 9:55:00 PM,1.16895,1.169,1.1688,1.16895,174
3/2/2026 10:00:00 PM,1.1689,1.169,1.16865,1.1688,189
3/2/2026 10:05:00 PM,1.1688,1.1692,1.1687,1.1689,541
3/2/2026 10:10:00 PM,1.1689,1.16925,1.16875,1.1692,290
3/2/2026 10:15:00 PM,1.1692,1.1692,1.16865,1.16865,266
3/2/2026 10:20:00 PM,1.1687,1.1688,1.1683,1.16875,886
3/2/2026 10:25:00 PM,1.16875,1.16895,1.16875,1.1688,403
3/2/2026 10:30:00 PM,1.16885,1.16895,1.16855,1.1688,264
3/2/2026 10:35:00 PM,1.1688,1.1689,1.1682,1.1682,342
3/2/2026 10:40:00 PM,1.1682,1.1683,1.16775,1.1678,856
3/2/2026 10:45:00 PM,1.1678,1.1678,1.16745,1.1677,1060
3/2/2026 10:50:00 PM,1.1677,1.1678,1.16725,1.16755,497
3/2/2026 10:55:00 PM,1.16755,1.16775,1.16735,1.16735,515
3/2/2026 11:00:00 PM,1.1674,1.16765,1.16725,1.16745,274
3/2/2026 11:05:00 PM,1.16745,1.1675,1.167,1.1671,761
3/2/2026 11:10:00 PM,1.1671,1.1675,1.167,1.1675,811
3/2/2026 11:15:00 PM,1.1675,1.16755,1.1671,1.16725,448
3/2/2026 11:20:00 PM,1.1673,1.16745,1.1672,1.1673,226
3/2/2026 11:25:00 PM,1.1673,1.1676,1.1673,1.1675,338
3/2/2026 11:30:00 PM,1.1675,1.16785,1.1673,1.16755,653
3/2/2026 11:35:00 PM,1.1676,1.1677,1.16715,1.16715,348
3/2/2026 11:40:00 PM,1.1672,1.1674,1.167,1.16735,310
3/2/2026 11:45:00 PM,1.1674,1.1676,1.16735,1.16735,223
3/2/2026 11:50:00 PM,1.1674,1.1674,1.16715,1.1673,350
3/2/2026 11:55:00 PM,1.1674,1.1678,1.1674,1.16775,267
3/3/2026 12:00:00 AM,1.1677,1.1679,1.16765,1.1677,269
3/3/2026 12:05:00 AM,1.16765,1.16765,1.16685,1.16725,1085
3/3/2026 12:10:00 AM,1.1672,1.16735,1.16665,1.16675,697
3/3/2026 12:15:00 AM,1.1668,1.16705,1.16655,1.167,658
3/3/2026 12:20:00 AM,1.167,1.1675,1.1669,1.16745,510
3/3/2026 12:25:00 AM,1.1675,1.1676,1.1669,1.167,716
3/3/2026 12:30:00 AM,1.16695,1.16705,1.16625,1.1665,1941
3/3/2026 12:35:00 AM,1.1665,1.1665,1.16605,1.1661,1676
3/3/2026 12:40:00 AM,1.1661,1.16625,1.1658,1.16595,1388
3/3/2026 12:45:00 AM,1.16595,1.16605,1.16515,1.16605,2059
3/3/2026 12:50:00 AM,1.16605,1.16645,1.16565,1.16565,1048
3/3/2026 12:55:00 AM,1.16565,1.1658,1.16525,1.1657,1663
3/3/2026 1:00:00 AM,1.16575,1.16585,1.16505,1.16515,933
3/3/2026 1:05:00 AM,1.16515,1.16535,1.16485,1.16485,1655
3/3/2026 1:10:00 AM,1.1649,1.1654,1.16455,1.16515,2034
3/3/2026 1:15:00 AM,1.1652,1.16525,1.16395,1.16405,1726
3/3/2026 1:20:00 AM,1.1641,1.1644,1.1637,1.1641,2062
3/3/2026 1:25:00 AM,1.16425,1.1645,1.16385,1.16385,2022
3/3/2026 1:30:00 AM,1.1638,1.1642,1.16365,1.16365,1814
3/3/2026 1:35:00 AM,1.16365,1.16455,1.16365,1.1638,2462
3/3/2026 1:40:00 AM,1.1638,1.16405,1.1633,1.16345,1935
3/3/2026 1:45:00 AM,1.16345,1.16365,1.1629,1.1631,2468
3/3/2026 1:50:00 AM,1.16315,1.16355,1.1626,1.1626,1315
3/3/2026 1:55:00 AM,1.16255,1.1633,1.1625,1.16315,2257
3/3/2026 2:00:00 AM,1.1631,1.1632,1.1628,1.163,1359
3/3/2026 2:05:00 AM,1.163,1.16365,1.163,1.1632,1887
3/3/2026 2:10:00 AM,1.16315,1.1636,1.16275,1.1635,1594
3/3/2026 2:15:00 AM,1.16335,1.16365,1.16305,1.16355,1969
3/3/2026 2:20:00 AM,1.16355,1.1636,1.1629,1.1631,1733
3/3/2026 2:25:00 AM,1.1631,1.1632,1.1619,1.16255,1812
3/3/2026 2:30:00 AM,1.16255,1.1626,1.16205,1.16235,938
3/3/2026 2:35:00 AM,1.16235,1.16245,1.16175,1.16175,1077
3/3/2026 2:40:00 AM,1.1618,1.16215,1.1614,1.1621,1815
3/3/2026 2:45:00 AM,1.16215,1.16225,1.1613,1.16135,1292
3/3/2026 2:50:00 AM,1.1614,1.16145,1.16075,1.16085,2413
3/3/2026 2:55:00 AM,1.1609,1.1611,1.16055,1.16105,1795
3/3/2026 3:00:00 AM,1.1611,1.1616,1.16085,1.1613,4846
3/3/2026 3:05:00 AM,1.1613,1.162,1.16115,1.16195,1877
3/3/2026 3:10:00 AM,1.1619,1.162,1.16105,1.16105,1555
3/3/2026 3:15:00 AM,1.1611,1.16115,1.16075,1.1609,992
3/3/2026 3:20:00 AM,1.1609,1.16115,1.16065,1.1608,1670
3/3/2026 3:25:00 AM,1.16085,1.1616,1.1608,1.16125,1353
3/3/2026 3:30:00 AM,1.16125,1.16135,1.16085,1.16095,894
3/3/2026 3:35:00 AM,1.161,1.16125,1.1607,1.161,1518
3/3/2026 3:40:00 AM,1.161,1.1611,1.15965,1.16005,2888
3/3/2026 3:45:00 AM,1.16005,1.16075,1.16005,1.16065,1757
3/3/2026 3:50:00 AM,1.16065,1.1612,1.16045,1.1612,1301
3/3/2026 3:55:00 AM,1.16115,1.1612,1.16065,1.1609,1465
3/3/2026 4:00:00 AM,1.1609,1.1609,1.15985,1.1599,1596
3/3/2026 4:05:00 AM,1.1599,1.16035,1.15955,1.1602,2299
3/3/2026 4:10:00 AM,1.16015,1.16075,1.15935,1.15955,1774
3/3/2026 4:15:00 AM,1.1595,1.15955,1.15925,1.1594,1097
3/3/2026 4:20:00 AM,1.1594,1.15955,1.15885,1.159,2431
3/3/2026 4:25:00 AM,1.15905,1.15975,1.15895,1.1596,2077
3/3/2026 4:30:00 AM,1.1596,1.1599,1.15905,1.1591,2557
3/3/2026 4:35:00 AM,1.1591,1.1594,1.159,1.15905,1349
3/3/2026 4:40:00 AM,1.1591,1.1601,1.15905,1.1601,1284
3/3/2026 4:45:00 AM,1.1601,1.16035,1.1599,1.1602,1249
3/3/2026 4:50:00 AM,1.1602,1.16095,1.1602,1.1608,2342
3/3/2026 4:55:00 AM,1.16075,1.1611,1.16075,1.16095,1495
3/3/2026 5:00:00 AM,1.1609,1.1609,1.1602,1.16045,989
3/3/2026 5:05:00 AM,1.16045,1.1605,1.1598,1.1599,1242
3/3/2026 5:10:00 AM,1.1599,1.16075,1.1598,1.1607,1000
3/3/2026 5:15:00 AM,1.1607,1.1611,1.1606,1.1607,1898
3/3/2026 5:20:00 AM,1.16065,1.1611,1.1603,1.16105,1311
3/3/2026 5:25:00 AM,1.161,1.16195,1.161,1.1614,2958
3/3/2026 5:30:00 AM,1.1614,1.16175,1.16105,1.16105,2267
3/3/2026 5:35:00 AM,1.16105,1.1616,1.161,1.16125,1333
3/3/2026 5:40:00 AM,1.1612,1.1618,1.16105,1.1616,1144
3/3/2026 5:45:00 AM,1.16165,1.1617,1.16125,1.16145,1628
3/3/2026 5:50:00 AM,1.1615,1.1618,1.1613,1.1617,2520
3/3/2026 5:55:00 AM,1.1617,1.1619,1.1613,1.1617,2131
3/3/2026 6:00:00 AM,1.1617,1.16225,1.16145,1.162,2459
3/3/2026 6:05:00 AM,1.16205,1.16225,1.1612,1.1612,2335
3/3/2026 6:10:00 AM,1.16115,1.1618,1.16115,1.16135,1778
3/3/2026 6:15:00 AM,1.1614,1.1616,1.16105,1.16115,1935
3/3/2026 6:20:00 AM,1.16115,1.16115,1.1607,1.1609,1201
3/3/2026 6:25:00 AM,1.16095,1.161,1.16065,1.1609,1523
3/3/2026 6:30:00 AM,1.1609,1.161,1.16065,1.16085,1398
3/3/2026 6:35:00 AM,1.16075,1.1613,1.1606,1.16075,1873
3/3/2026 6:40:00 AM,1.1607,1.16085,1.16045,1.16075,1226
3/3/2026 6:45:00 AM,1.1608,1.16095,1.16025,1.16065,990
3/3/2026 6:50:00 AM,1.1607,1.161,1.16045,1.1609,1253
3/3/2026 6:55:00 AM,1.16095,1.16115,1.16005,1.1602,1716
3/3/2026 7:00:00 AM,1.1602,1.16045,1.15975,1.1598,1679
3/3/2026 7:05:00 AM,1.1598,1.16055,1.1598,1.16025,1291
3/3/2026 7:10:00 AM,1.1603,1.16065,1.15985,1.15985,1212
3/3/2026 7:15:00 AM,1.15985,1.15995,1.15915,1.1592,1951
3/3/2026 7:20:00 AM,1.1592,1.15935,1.15875,1.15905,2581
3/3/2026 7:25:00 AM,1.15905,1.1592,1.1582,1.1582,2151
3/3/2026 7:30:00 AM,1.1582,1.1585,1.15735,1.1583,5742
3/3/2026 7:35:00 AM,1.15825,1.1593,1.1582,1.15875,3916
3/3/2026 7:40:00 AM,1.15875,1.159,1.15835,1.15885,2963
3/3/2026 7:45:00 AM,1.15885,1.15885,1.1577,1.1579,2142
3/3/2026 7:50:00 AM,1.1579,1.15855,1.15765,1.15815,2007
3/3/2026 7:55:00 AM,1.1581,1.15865,1.15785,1.15835,2266
3/3/2026 8:00:00 AM,1.1583,1.1583,1.1572,1.1575,4283
3/3/2026 8:05:00 AM,1.15745,1.15805,1.157,1.15705,7846
3/3/2026 8:10:00 AM,1.15705,1.15745,1.156,1.15605,5228
3/3/2026 8:15:00 AM,1.1561,1.1565,1.1551,1.1557,4877
3/3/2026 8:20:00 AM,1.15565,1.1557,1.15395,1.1541,4949
3/3/2026 8:25:00 AM,1.1541,1.1557,1.15375,1.15565,4146
3/3/2026 8:30:00 AM,1.15565,1.15635,1.15545,1.156,3366
3/3/2026 8:35:00 AM,1.15595,1.1576,1.15585,1.1574,5601
3/3/2026 8:40:00 AM,1.15745,1.1583,1.15715,1.15825,5104
3/3/2026 8:45:00 AM,1.1582,1.1592,1.15785,1.1582,4588
3/3/2026 8:50:00 AM,1.1582,1.1588,1.15805,1.15845,1770
3/3/2026 8:55:00 AM,1.1584,1.15855,1.1578,1.15845,2945
3/3/2026 9:00:00 AM,1.15845,1.1585,1.15795,1.158,3289
3/3/2026 9:05:00 AM,1.15805,1.15885,1.1576,1.1587,3399
3/3/2026 9:10:00 AM,1.1587,1.15935,1.1586,1.1588,2283
3/3/2026 9:15:00 AM,1.1588,1.1598,1.1587,1.15965,1952
3/3/2026 9:20:00 AM,1.1597,1.16005,1.15945,1.1595,2606
3/3/2026 9:25:00 AM,1.15945,1.1603,1.15925,1.1603,2509
3/3/2026 9:30:00 AM,1.16025,1.16025,1.15945,1.1595,2288
3/3/2026 9:35:00 AM,1.15945,1.15955,1.1586,1.1589,3474
3/3/2026 9:40:00 AM,1.15895,1.1597,1.15895,1.15955,1608
3/3/2026 9:45:00 AM,1.1595,1.16005,1.15865,1.1599,3032
3/3/2026 9:50:00 AM,1.1599,1.1612,1.1598,1.1608,4770
3/3/2026 9:55:00 AM,1.16085,1.161,1.16055,1.16095,1690
3/3/2026 10:00:00 AM,1.161,1.16135,1.1608,1.16105,2766
3/3/2026 10:05:00 AM,1.16105,1.1611,1.1602,1.16025,2763
3/3/2026 10:10:00 AM,1.16025,1.16055,1.16005,1.16005,1275
3/3/2026 10:15:00 AM,1.16,1.1602,1.1596,1.1598,1492
3/3/2026 10:20:00 AM,1.15985,1.15995,1.1594,1.1598,2409
3/3/2026 10:25:00 AM,1.1598,1.1603,1.15955,1.1597,2184
3/3/2026 10:30:00 AM,1.1597,1.16065,1.15965,1.1605,2541
3/3/2026 10:35:00 AM,1.1605,1.16055,1.15955,1.15985,923
3/3/2026 10:40:00 AM,1.15985,1.16,1.1596,1.15985,872
3/3/2026 10:45:00 AM,1.15985,1.16015,1.1596,1.16015,862
3/3/2026 10:50:00 AM,1.16015,1.16095,1.16015,1.16095,1129
3/3/2026 10:55:00 AM,1.16095,1.161,1.15995,1.15995,711
3/3/2026 11:00:00 AM,1.1599,1.15995,1.1596,1.15975,640
3/3/2026 11:05:00 AM,1.15975,1.16055,1.15975,1.1605,1020
3/3/2026 11:10:00 AM,1.1605,1.1614,1.16045,1.16125,1143
3/3/2026 11:15:00 AM,1.1612,1.1613,1.1608,1.16105,455
3/3/2026 11:20:00 AM,1.1611,1.16125,1.16095,1.1612,548
3/3/2026 11:25:00 AM,1.1612,1.16135,1.16085,1.16125,569
3/3/2026 11:30:00 AM,1.16125,1.16155,1.161,1.1612,924
3/3/2026 11:35:00 AM,1.16115,1.162,1.1611,1.16155,2242
3/3/2026 11:40:00 AM,1.16155,1.1627,1.16145,1.1625,2279
3/3/2026 11:45:00 AM,1.16255,1.16295,1.1623,1.1625,1846
3/3/2026 11:50:00 AM,1.16245,1.1628,1.1623,1.16275,735
3/3/2026 11:55:00 AM,1.16275,1.1628,1.16215,1.16225,1294
3/3/2026 12:00:00 PM,1.16225,1.16245,1.16205,1.1623,1191
3/3/2026 12:05:00 PM,1.1623,1.1626,1.16215,1.16215,880
3/3/2026 12:10:00 PM,1.1622,1.1622,1.16135,1.16145,1273
3/3/2026 12:15:00 PM,1.16145,1.16175,1.1613,1.16165,530
3/3/2026 12:20:00 PM,1.16165,1.1618,1.16115,1.16145,483
3/3/2026 12:25:00 PM,1.16145,1.1617,1.1613,1.1613,410
3/3/2026 12:30:00 PM,1.1613,1.1614,1.1609,1.16105,818
3/3/2026 12:35:00 PM,1.161,1.16115,1.16085,1.16095,843
3/3/2026 12:40:00 PM,1.16095,1.1625,1.1607,1.1623,3154
3/3/2026 12:45:00 PM,1.1624,1.16335,1.16235,1.1629,2482
3/3/2026 12:50:00 PM,1.16295,1.1632,1.16225,1.1626,1537
3/3/2026 12:55:00 PM,1.1626,1.16305,1.1624,1.16255,1383
3/3/2026 1:00:00 PM,1.16255,1.16265,1.1619,1.162,3412
3/3/2026 1:05:00 PM,1.16195,1.16235,1.16185,1.1621,1831
3/3/2026 1:10:00 PM,1.16205,1.1626,1.16205,1.1625,683
3/3/2026 1:15:00 PM,1.1625,1.16295,1.1625,1.16275,1128
3/3/2026 1:20:00 PM,1.1627,1.16285,1.1623,1.1628,1152
3/3/2026 1:25:00 PM,1.16285,1.16305,1.1628,1.163,581
3/3/2026 1:30:00 PM,1.163,1.1631,1.1628,1.1629,774
3/3/2026 1:35:00 PM,1.1629,1.16315,1.1627,1.1628,889
3/3/2026 1:40:00 PM,1.16275,1.16305,1.1627,1.16275,1196
3/3/2026 1:45:00 PM,1.1628,1.16285,1.1624,1.16265,619
3/3/2026 1:50:00 PM,1.16265,1.1627,1.16215,1.1622,357
3/3/2026 1:55:00 PM,1.1623,1.16255,1.16205,1.16255,733
3/3/2026 2:00:00 PM,1.1625,1.16255,1.16235,1.1625,483
3/3/2026 2:05:00 PM,1.16245,1.1625,1.1622,1.16235,559
3/3/2026 2:10:00 PM,1.1624,1.16255,1.1623,1.1624,113
3/3/2026 2:15:00 PM,1.16235,1.16235,1.16205,1.16215,157
3/3/2026 2:20:00 PM,1.16215,1.16215,1.16195,1.16195,231
3/3/2026 2:25:00 PM,1.16205,1.16215,1.162,1.16215,149
3/3/2026 2:30:00 PM,1.16215,1.1623,1.16205,1.1622,230
3/3/2026 2:35:00 PM,1.16215,1.16225,1.1621,1.16215,146
3/3/2026 2:40:00 PM,1.16215,1.16215,1.16195,1.16205,117
3/3/2026 2:45:00 PM,1.162,1.1621,1.162,1.16205,112
3/3/2026 2:50:00 PM,1.16205,1.1621,1.1617,1.16175,314
3/3/2026 2:55:00 PM,1.1618,1.16185,1.16175,1.16185,79
3/3/2026 3:00:00 PM,1.16185,1.1622,1.16185,1.1622,152
3/3/2026 4:05:00 PM,1.16165,1.162,1.1614,1.1617,295
3/3/2026 4:10:00 PM,1.16175,1.1622,1.16175,1.1622,240
3/3/2026 4:15:00 PM,1.16215,1.1626,1.16215,1.1626,253
3/3/2026 4:20:00 PM,1.1626,1.1627,1.16255,1.16255,181
3/3/2026 4:25:00 PM,1.1626,1.1626,1.1622,1.16225,309
3/3/2026 4:30:00 PM,1.1623,1.1624,1.16225,1.1623,77
3/3/2026 4:35:00 PM,1.1623,1.16235,1.16215,1.16215,119
3/3/2026 4:40:00 PM,1.1622,1.1623,1.1621,1.1621,117
3/3/2026 4:45:00 PM,1.16205,1.1621,1.1619,1.16195,128
3/3/2026 4:50:00 PM,1.1619,1.1619,1.16165,1.1617,171
3/3/2026 4:55:00 PM,1.16175,1.16185,1.1615,1.1618,191
3/3/2026 5:00:00 PM,1.1618,1.16195,1.16175,1.16175,152
3/3/2026 5:05:00 PM,1.16175,1.16175,1.16115,1.16125,565
3/3/2026 5:10:00 PM,1.1613,1.16135,1.16095,1.16105,651
3/3/2026 5:15:00 PM,1.1611,1.16145,1.16095,1.1613,511
3/3/2026 5:20:00 PM,1.1613,1.16175,1.1608,1.1616,1012
3/3/2026 5:25:00 PM,1.1617,1.1617,1.161,1.16115,521
3/3/2026 5:30:00 PM,1.16115,1.1615,1.1609,1.16115,527
3/3/2026 5:35:00 PM,1.16115,1.16145,1.16085,1.1609,562
3/3/2026 5:40:00 PM,1.1609,1.1609,1.1604,1.1604,538
3/3/2026 5:45:00 PM,1.1604,1.16045,1.1601,1.1601,460
3/3/2026 5:50:00 PM,1.16015,1.16025,1.16,1.1601,503
3/3/2026 5:55:00 PM,1.16015,1.1603,1.15995,1.16,625
3/3/2026 6:00:00 PM,1.16,1.16015,1.1599,1.15995,527
3/3/2026 6:05:00 PM,1.16,1.16045,1.15995,1.16005,547
3/3/2026 6:10:00 PM,1.16005,1.1601,1.15965,1.15975,276
3/3/2026 6:15:00 PM,1.1598,1.1601,1.15975,1.16,308
3/3/2026 6:20:00 PM,1.15995,1.16,1.15915,1.1592,756
3/3/2026 6:25:00 PM,1.15925,1.1593,1.1585,1.15855,1574
3/3/2026 6:30:00 PM,1.1585,1.15885,1.15815,1.1587,845
3/3/2026 6:35:00 PM,1.15875,1.15885,1.15835,1.15845,456
3/3/2026 6:40:00 PM,1.15855,1.1596,1.1585,1.15945,544
3/3/2026 6:45:00 PM,1.1594,1.16025,1.1594,1.16005,783
3/3/2026 6:50:00 PM,1.16005,1.1601,1.1598,1.16005,246
3/3/2026 6:55:00 PM,1.16005,1.1603,1.1599,1.16,280
3/3/2026 7:00:00 PM,1.1601,1.16015,1.16,1.16005,208
3/3/2026 7:05:00 PM,1.16005,1.16025,1.15985,1.1601,237
3/3/2026 7:10:00 PM,1.1601,1.16035,1.16,1.16015,460
3/3/2026 7:15:00 PM,1.1602,1.1606,1.16005,1.1604,840
3/3/2026 7:20:00 PM,1.16035,1.16055,1.16015,1.1605,417
3/3/2026 7:25:00 PM,1.16055,1.1607,1.1605,1.1606,474
3/3/2026 7:30:00 PM,1.16055,1.1607,1.1604,1.16045,491
3/3/2026 7:35:00 PM,1.1605,1.16065,1.16035,1.1605,404
3/3/2026 7:40:00 PM,1.16045,1.1605,1.16005,1.16035,243
3/3/2026 7:45:00 PM,1.16035,1.16085,1.1603,1.1607,313
3/3/2026 7:50:00 PM,1.16075,1.1608,1.16055,1.16075,120
3/3/2026 7:55:00 PM,1.16075,1.16115,1.16065,1.16065,323
3/3/2026 8:00:00 PM,1.16055,1.1607,1.1605,1.1605,578
3/3/2026 8:05:00 PM,1.16045,1.1606,1.1602,1.1603,284
3/3/2026 8:10:00 PM,1.16035,1.16055,1.16025,1.16055,140
3/3/2026 8:15:00 PM,1.16045,1.16065,1.1604,1.16065,99
3/3/2026 8:20:00 PM,1.1606,1.16065,1.16055,1.16055,73
3/3/2026 8:25:00 PM,1.16065,1.161,1.1605,1.1609,211
3/3/2026 8:30:00 PM,1.1609,1.16095,1.1606,1.1606,108
3/3/2026 8:35:00 PM,1.1607,1.16085,1.16045,1.1607,445
3/3/2026 8:40:00 PM,1.16065,1.16105,1.16055,1.16095,135
3/3/2026 8:45:00 PM,1.16105,1.16105,1.1609,1.1609,52
3/3/2026 8:50:00 PM,1.1609,1.1613,1.16085,1.1613,195
3/3/2026 8:55:00 PM,1.16135,1.16155,1.1613,1.1614,154
3/3/2026 9:00:00 PM,1.16145,1.16165,1.16145,1.1615,238
3/3/2026 9:05:00 PM,1.16155,1.16165,1.16155,1.16155,152
3/3/2026 9:10:00 PM,1.1616,1.16175,1.16145,1.16145,191
3/3/2026 9:15:00 PM,1.16145,1.1616,1.16135,1.16155,106
3/3/2026 9:20:00 PM,1.1616,1.16165,1.1614,1.1615,130
3/3/2026 9:25:00 PM,1.1615,1.1615,1.1612,1.1612,293
3/3/2026 9:30:00 PM,1.16125,1.16125,1.16105,1.1611,150
3/3/2026 9:35:00 PM,1.16105,1.1611,1.1607,1.1608,189
3/3/2026 9:40:00 PM,1.16075,1.1608,1.16045,1.1606,123
3/3/2026 9:45:00 PM,1.1606,1.1606,1.16025,1.16035,244
3/3/2026 9:50:00 PM,1.1604,1.16045,1.16015,1.16015,134
3/3/2026 9:55:00 PM,1.16015,1.16015,1.1597,1.15995,509
3/3/2026 10:00:00 PM,1.15995,1.16015,1.15995,1.16,110
3/3/2026 10:05:00 PM,1.16,1.1601,1.1599,1.1599,240
3/3/2026 10:10:00 PM,1.15995,1.1603,1.15995,1.16025,143
3/3/2026 10:15:00 PM,1.1603,1.16055,1.16025,1.16035,217
3/3/2026 10:20:00 PM,1.16035,1.16055,1.1601,1.1601,111
3/3/2026 10:25:00 PM,1.1601,1.16015,1.15985,1.1599,135
3/3/2026 10:30:00 PM,1.1599,1.1599,1.15965,1.15985,237
3/3/2026 10:35:00 PM,1.15985,1.15985,1.15975,1.15975,89
3/3/2026 10:40:00 PM,1.15975,1.15985,1.1596,1.1597,284
3/3/2026 10:45:00 PM,1.15965,1.1599,1.15945,1.1595,202
3/3/2026 10:50:00 PM,1.1595,1.16005,1.1594,1.16005,491
3/3/2026 10:55:00 PM,1.1601,1.16035,1.16005,1.1603,359
3/3/2026 11:00:00 PM,1.1603,1.1603,1.1598,1.1602,417
3/3/2026 11:05:00 PM,1.16015,1.1602,1.15965,1.15975,437
3/3/2026 11:10:00 PM,1.1597,1.1601,1.1597,1.16,280
3/3/2026 11:15:00 PM,1.16005,1.16035,1.16005,1.1602,333
3/3/2026 11:20:00 PM,1.16015,1.16055,1.16015,1.1604,209
3/3/2026 11:25:00 PM,1.1604,1.1608,1.16035,1.16065,318
3/3/2026 11:30:00 PM,1.16065,1.1614,1.16065,1.1613,525
3/3/2026 11:35:00 PM,1.16125,1.1621,1.16125,1.16205,509
3/3/2026 11:40:00 PM,1.16205,1.16225,1.1618,1.16215,371
3/3/2026 11:45:00 PM,1.1621,1.16245,1.1621,1.1622,387
3/3/2026 11:50:00 PM,1.1622,1.16225,1.16185,1.1622,192
3/3/2026 11:55:00 PM,1.16215,1.1622,1.16195,1.16205,181
3/4/2026 12:00:00 AM,1.16205,1.1621,1.16175,1.16175,157
3/4/2026 12:05:00 AM,1.16175,1.1622,1.1617,1.1622,1005
3/4/2026 12:10:00 AM,1.1622,1.16265,1.16215,1.16245,1524
3/4/2026 12:15:00 AM,1.1624,1.16245,1.16205,1.16235,725
3/4/2026 12:20:00 AM,1.1623,1.16285,1.16195,1.16205,1350
3/4/2026 12:25:00 AM,1.1621,1.16245,1.16195,1.16235,395
3/4/2026 12:30:00 AM,1.16235,1.16295,1.16235,1.16275,1081
3/4/2026 12:35:00 AM,1.1628,1.16345,1.16275,1.1631,1853
3/4/2026 12:40:00 AM,1.16305,1.1633,1.16285,1.1629,1060
3/4/2026 12:45:00 AM,1.16295,1.16325,1.1629,1.1631,664
3/4/2026 12:50:00 AM,1.16305,1.1632,1.16295,1.1631,728
3/4/2026 12:55:00 AM,1.16305,1.16305,1.16255,1.16275,838
3/4/2026 1:00:00 AM,1.16275,1.16275,1.16225,1.16225,916
3/4/2026 1:05:00 AM,1.1623,1.16235,1.16135,1.1615,1377
3/4/2026 1:10:00 AM,1.16145,1.162,1.16135,1.16185,1619
3/4/2026 1:15:00 AM,1.16185,1.16195,1.16105,1.16155,1352
3/4/2026 1:20:00 AM,1.1616,1.1616,1.16105,1.16115,988
3/4/2026 1:25:00 AM,1.16115,1.16135,1.16085,1.1611,700
3/4/2026 1:30:00 AM,1.16105,1.16115,1.16055,1.16055,1002
3/4/2026 1:35:00 AM,1.16055,1.1613,1.16035,1.16085,1433
3/4/2026 1:40:00 AM,1.1608,1.161,1.1605,1.16055,816
3/4/2026 1:45:00 AM,1.1605,1.1609,1.16025,1.1606,1396
3/4/2026 1:50:00 AM,1.1606,1.16125,1.1605,1.1611,739
3/4/2026 1:55:00 AM,1.1611,1.16115,1.1607,1.16085,843
3/4/2026 2:00:00 AM,1.1609,1.16105,1.16015,1.16065,897
3/4/2026 2:05:00 AM,1.1606,1.16065,1.1599,1.1603,975
3/4/2026 2:10:00 AM,1.16035,1.16065,1.16015,1.1604,577
3/4/2026 2:15:00 AM,1.1604,1.1615,1.1604,1.16135,1116
3/4/2026 2:20:00 AM,1.16135,1.1624,1.1613,1.1621,1984
3/4/2026 2:25:00 AM,1.1621,1.1625,1.162,1.16235,638
3/4/2026 2:30:00 AM,1.1624,1.1624,1.162,1.16205,731
3/4/2026 2:35:00 AM,1.16195,1.1624,1.1619,1.1621,632
3/4/2026 2:40:00 AM,1.16205,1.1623,1.162,1.1621,597
3/4/2026 2:45:00 AM,1.16215,1.16235,1.1619,1.1621,499
3/4/2026 2:50:00 AM,1.16215,1.16255,1.16205,1.16245,1707
3/4/2026 2:55:00 AM,1.1623,1.16265,1.1616,1.16165,1790
3/4/2026 3:00:00 AM,1.16165,1.1617,1.1613,1.16155,730
3/4/2026 3:05:00 AM,1.1616,1.16235,1.16155,1.1623,818
3/4/2026 3:10:00 AM,1.1623,1.1654,1.16215,1.16505,6947
3/4/2026 3:15:00 AM,1.165,1.16535,1.1638,1.1646,4105
3/4/2026 3:20:00 AM,1.1646,1.1648,1.1636,1.16405,2425
3/4/2026 3:25:00 AM,1.164,1.16475,1.16375,1.1646,1047
3/4/2026 3:30:00 AM,1.1646,1.16465,1.16395,1.16425,1038
3/4/2026 3:35:00 AM,1.1643,1.1645,1.1632,1.1634,1998
3/4/2026 3:40:00 AM,1.16335,1.1638,1.16325,1.1637,1312
3/4/2026 3:45:00 AM,1.1637,1.16425,1.16345,1.1641,1150
3/4/2026 3:50:00 AM,1.1641,1.1647,1.16395,1.1642,1193
3/4/2026 3:55:00 AM,1.1642,1.1643,1.1637,1.16405,725
3/4/2026 4:00:00 AM,1.1641,1.16415,1.1638,1.1641,319
3/4/2026 4:05:00 AM,1.16405,1.1645,1.16395,1.16415,528
3/4/2026 4:10:00 AM,1.1641,1.1642,1.16395,1.16415,351
3/4/2026 4:15:00 AM,1.16415,1.1652,1.1641,1.16515,1717
3/4/2026 4:20:00 AM,1.1652,1.16585,1.16505,1.16555,2140
3/4/2026 4:25:00 AM,1.1655,1.1662,1.16545,1.1661,1283
3/4/2026 4:30:00 AM,1.1661,1.16615,1.165,1.1651,1102
3/4/2026 4:35:00 AM,1.16505,1.1652,1.16445,1.16455,2041
3/4/2026 4:40:00 AM,1.1645,1.16485,1.16435,1.1646,782
3/4/2026 4:45:00 AM,1.1646,1.1646,1.1641,1.16415,485
3/4/2026 4:50:00 AM,1.1641,1.16455,1.1641,1.1643,294
3/4/2026 4:55:00 AM,1.16425,1.1643,1.1639,1.16395,634
3/4/2026 5:00:00 AM,1.164,1.16435,1.1637,1.16415,581
3/4/2026 5:05:00 AM,1.16415,1.16515,1.16405,1.165,778
3/4/2026 5:10:00 AM,1.16495,1.16545,1.16475,1.16515,436
3/4/2026 5:15:00 AM,1.1652,1.16545,1.16515,1.16545,386
3/4/2026 5:20:00 AM,1.16545,1.1655,1.1651,1.16525,445
3/4/2026 5:25:00 AM,1.1653,1.1653,1.1645,1.1645,587
3/4/2026 5:30:00 AM,1.16445,1.16445,1.16385,1.16385,911
3/4/2026 5:35:00 AM,1.16385,1.164,1.16375,1.1639,513
3/4/2026 5:40:00 AM,1.16395,1.1644,1.1639,1.164,528
3/4/2026 5:45:00 AM,1.164,1.1644,1.16385,1.1643,737
3/4/2026 5:50:00 AM,1.1643,1.16445,1.16395,1.16445,455
3/4/2026 5:55:00 AM,1.1644,1.16455,1.1639,1.164,325
3/4/2026 6:00:00 AM,1.16395,1.164,1.163,1.1637,2543
3/4/2026 6:05:00 AM,1.16365,1.16495,1.16365,1.16485,1147
3/4/2026 6:10:00 AM,1.1649,1.1659,1.1647,1.1655,2118
3/4/2026 6:15:00 AM,1.1655,1.1656,1.16525,1.1655,673
3/4/2026 6:20:00 AM,1.1654,1.16555,1.16485,1.165,985
3/4/2026 6:25:00 AM,1.16505,1.1651,1.1643,1.16455,1598
3/4/2026 6:30:00 AM,1.16455,1.16515,1.1645,1.16475,1310
3/4/2026 6:35:00 AM,1.16475,1.16525,1.16455,1.165,2568
3/4/2026 6:40:00 AM,1.16505,1.1651,1.1645,1.16495,897
3/4/2026 6:45:00 AM,1.16495,1.165,1.1644,1.1645,1048
3/4/2026 6:50:00 AM,1.16445,1.1647,1.16425,1.1646,666
3/4/2026 6:55:00 AM,1.1646,1.16475,1.16405,1.1642,852
3/4/2026 7:00:00 AM,1.1642,1.1642,1.16365,1.16375,1737
3/4/2026 7:05:00 AM,1.16375,1.16395,1.16335,1.1635,983
3/4/2026 7:10:00 AM,1.1635,1.16445,1.1635,1.1636,1099
3/4/2026 7:15:00 AM,1.1636,1.16395,1.16345,1.1635,536
3/4/2026 7:20:00 AM,1.16355,1.16465,1.1635,1.1646,1603
3/4/2026 7:25:00 AM,1.1646,1.16475,1.1639,1.16415,898
3/4/2026 7:30:00 AM,1.1641,1.16455,1.16395,1.16415,579
3/4/2026 7:35:00 AM,1.1641,1.16445,1.16385,1.16435,1375
3/4/2026 7:40:00 AM,1.16435,1.1645,1.1628,1.16375,3790
3/4/2026 7:45:00 AM,1.1638,1.164,1.1631,1.1634,1595
3/4/2026 7:50:00 AM,1.16335,1.1636,1.16275,1.1631,1333
3/4/2026 7:55:00 AM,1.1631,1.16355,1.16295,1.1632,1010
3/4/2026 8:00:00 AM,1.1632,1.1633,1.16285,1.16315,1076
3/4/2026 8:05:00 AM,1.1631,1.16335,1.16225,1.1626,1730
3/4/2026 8:10:00 AM,1.1626,1.1632,1.16235,1.163,1303
3/4/2026 8:15:00 AM,1.163,1.16345,1.16255,1.1629,1324
3/4/2026 8:20:00 AM,1.1628,1.16375,1.1627,1.16375,779
3/4/2026 8:25:00 AM,1.1637,1.16405,1.16365,1.164,966
3/4/2026 8:30:00 AM,1.164,1.1647,1.164,1.16455,2222
3/4/2026 8:35:00 AM,1.1645,1.16465,1.1642,1.16435,950
3/4/2026 8:40:00 AM,1.16435,1.1645,1.16395,1.16405,890
3/4/2026 8:45:00 AM,1.1641,1.1644,1.1638,1.16415,1218
3/4/2026 8:50:00 AM,1.1641,1.16415,1.16375,1.16405,930
3/4/2026 8:55:00 AM,1.16405,1.1647,1.16395,1.16455,1781
3/4/2026 9:00:00 AM,1.16455,1.1647,1.16385,1.16465,1926
3/4/2026 9:05:00 AM,1.16465,1.16525,1.16455,1.1649,1840
3/4/2026 9:10:00 AM,1.1649,1.16525,1.1646,1.16505,1591
3/4/2026 9:15:00 AM,1.16505,1.1651,1.1645,1.16465,1434
3/4/2026 9:20:00 AM,1.1647,1.1648,1.16415,1.16415,670
3/4/2026 9:25:00 AM,1.16415,1.1642,1.16355,1.16355,830
3/4/2026 9:30:00 AM,1.16355,1.1639,1.16355,1.16385,875
3/4/2026 9:35:00 AM,1.1639,1.1643,1.16365,1.16425,999
3/4/2026 9:40:00 AM,1.1643,1.16465,1.1642,1.16455,674
3/4/2026 9:45:00 AM,1.16455,1.16485,1.1644,1.1645,776
3/4/2026 9:50:00 AM,1.1645,1.1646,1.16435,1.1644,308
3/4/2026 9:55:00 AM,1.1644,1.16455,1.1643,1.16455,300
3/4/2026 10:00:00 AM,1.1645,1.1646,1.1642,1.1644,502
3/4/2026 10:05:00 AM,1.16435,1.16485,1.1643,1.16485,605
3/4/2026 10:10:00 AM,1.1648,1.165,1.16435,1.1644,825
3/4/2026 10:15:00 AM,1.16435,1.16455,1.16395,1.16405,429
3/4/2026 10:20:00 AM,1.1641,1.16445,1.16395,1.1644,494
3/4/2026 10:25:00 AM,1.16435,1.16435,1.16365,1.1637,980
3/4/2026 10:30:00 AM,1.16375,1.1639,1.16345,1.16355,1887
3/4/2026 10:35:00 AM,1.1636,1.1637,1.1633,1.16345,857
3/4/2026 10:40:00 AM,1.1635,1.1637,1.1633,1.16365,474
3/4/2026 10:45:00 AM,1.16365,1.1637,1.16345,1.16345,455
3/4/2026 10:50:00 AM,1.1635,1.1641,1.1635,1.1641,535
3/4/2026 10:55:00 AM,1.1641,1.16415,1.164,1.164,232
3/4/2026 11:00:00 AM,1.164,1.164,1.1637,1.164,361
3/4/2026 11:05:00 AM,1.164,1.164,1.16345,1.16345,443
3/4/2026 11:10:00 AM,1.16345,1.1637,1.1634,1.1635,375
3/4/2026 11:15:00 AM,1.1635,1.16365,1.1634,1.1635,222
3/4/2026 11:20:00 AM,1.16345,1.16345,1.16325,1.1633,293
3/4/2026 11:25:00 AM,1.1633,1.16335,1.1631,1.1633,429
3/4/2026 11:30:00 AM,1.1633,1.16335,1.163,1.1632,453
3/4/2026 11:35:00 AM,1.1632,1.1635,1.1631,1.1632,541
3/4/2026 11:40:00 AM,1.1632,1.16345,1.1631,1.1632,241
3/4/2026 11:45:00 AM,1.16315,1.1633,1.1631,1.1633,270
3/4/2026 11:50:00 AM,1.16335,1.1635,1.1632,1.1635,216
3/4/2026 11:55:00 AM,1.1635,1.16355,1.16335,1.1634,257
3/4/2026 12:00:00 PM,1.16345,1.16345,1.163,1.16315,399
3/4/2026 12:05:00 PM,1.1631,1.16365,1.1631,1.1636,769
3/4/2026 12:10:00 PM,1.16365,1.16365,1.1633,1.16335,260
3/4/2026 12:15:00 PM,1.1634,1.16345,1.1633,1.1634,314
3/4/2026 12:20:00 PM,1.1635,1.1637,1.16345,1.16355,205
3/4/2026 12:25:00 PM,1.1635,1.16355,1.1634,1.16355,177
3/4/2026 12:30:00 PM,1.16355,1.1641,1.16355,1.16405,633
3/4/2026 12:35:00 PM,1.16405,1.16415,1.16375,1.16375,730
3/4/2026 12:40:00 PM,1.16375,1.16405,1.16375,1.164,223
3/4/2026 12:45:00 PM,1.16405,1.16415,1.1638,1.16385,139
3/4/2026 12:50:00 PM,1.16385,1.16395,1.1637,1.16385,333
3/4/2026 12:55:00 PM,1.16385,1.16425,1.1637,1.16425,492
3/4/2026 1:00:00 PM,1.1642,1.16485,1.1642,1.1646,3377
3/4/2026 1:05:00 PM,1.16465,1.16475,1.1646,1.16475,540
3/4/2026 1:10:00 PM,1.16475,1.1648,1.1645,1.1647,364
3/4/2026 1:15:00 PM,1.1647,1.1647,1.1645,1.1647,453
3/4/2026 1:20:00 PM,1.16465,1.16465,1.1645,1.16455,411
3/4/2026 1:25:00 PM,1.1645,1.16475,1.1645,1.16475,379
3/4/2026 1:30:00 PM,1.16475,1.16475,1.1646,1.16475,214
3/4/2026 1:35:00 PM,1.1647,1.1648,1.1646,1.1648,361
3/4/2026 1:40:00 PM,1.1648,1.16505,1.1648,1.16495,279
3/4/2026 1:45:00 PM,1.16495,1.16505,1.16485,1.16495,114
3/4/2026 1:50:00 PM,1.16495,1.16495,1.16475,1.16475,170
3/4/2026 1:55:00 PM,1.1647,1.1649,1.16465,1.16485,286
3/4/2026 2:00:00 PM,1.16485,1.1649,1.16465,1.16465,570
3/4/2026 2:05:00 PM,1.1647,1.16475,1.1644,1.1645,672
3/4/2026 2:10:00 PM,1.16455,1.16455,1.1644,1.1645,185
3/4/2026 2:15:00 PM,1.1645,1.1647,1.16435,1.16465,96
3/4/2026 2:20:00 PM,1.16465,1.16475,1.1646,1.16475,45
3/4/2026 2:25:00 PM,1.1648,1.16485,1.16465,1.1647,52
3/4/2026 2:30:00 PM,1.16465,1.1647,1.16455,1.16465,106
3/4/2026 2:35:00 PM,1.1646,1.1647,1.16445,1.16445,23
3/4/2026 2:40:00 PM,1.16445,1.1645,1.1643,1.16435,158
3/4/2026 2:45:00 PM,1.1643,1.1643,1.1642,1.16425,50
3/4/2026 2:50:00 PM,1.16425,1.16435,1.16425,1.16425,80
3/4/2026 2:55:00 PM,1.16425,1.1644,1.1642,1.1643,206
3/4/2026 3:00:00 PM,1.1643,1.1644,1.16405,1.1642,291
3/4/2026 4:05:00 PM,1.16425,1.16435,1.1638,1.1643,324
3/4/2026 4:10:00 PM,1.1643,1.1643,1.1641,1.1642,89
3/4/2026 4:15:00 PM,1.16415,1.16415,1.16395,1.1641,139
3/4/2026 4:20:00 PM,1.16405,1.16415,1.16405,1.16405,98
3/4/2026 4:25:00 PM,1.1641,1.1641,1.16405,1.1641,20
3/4/2026 4:30:00 PM,1.16415,1.16425,1.1641,1.16415,34
3/4/2026 4:35:00 PM,1.1642,1.1642,1.164,1.164,84
3/4/2026 4:40:00 PM,1.16405,1.16405,1.1639,1.16395,61
3/4/2026 4:45:00 PM,1.16395,1.16405,1.1639,1.16405,37
3/4/2026 4:50:00 PM,1.164,1.16415,1.16395,1.16405,96
3/4/2026 4:55:00 PM,1.16405,1.16405,1.16395,1.16405,33
3/4/2026 5:00:00 PM,1.16405,1.1641,1.16395,1.164,68
3/4/2026 5:05:00 PM,1.164,1.16405,1.16375,1.164,185
3/4/2026 5:10:00 PM,1.16395,1.16415,1.16395,1.16415,94
3/4/2026 5:15:00 PM,1.1642,1.1643,1.1642,1.1643,73
3/4/2026 5:20:00 PM,1.1642,1.16465,1.1642,1.16465,325
3/4/2026 5:25:00 PM,1.1647,1.1649,1.1647,1.16485,281
3/4/2026 5:30:00 PM,1.1649,1.1649,1.1647,1.1648,48
3/4/2026 5:35:00 PM,1.1647,1.1647,1.1645,1.16465,166
3/4/2026 5:40:00 PM,1.1646,1.16485,1.16455,1.16485,75
3/4/2026 5:45:00 PM,1.1649,1.16505,1.1649,1.1649,349
3/4/2026 5:50:00 PM,1.1649,1.1649,1.1647,1.1649,91
3/4/2026 5:55:00 PM,1.1649,1.165,1.16475,1.165,202
3/4/2026 6:00:00 PM,1.165,1.165,1.1649,1.165,195
3/4/2026 6:05:00 PM,1.165,1.165,1.16435,1.16445,353
3/4/2026 6:10:00 PM,1.16435,1.1645,1.16425,1.1644,360
3/4/2026 6:15:00 PM,1.16445,1.1648,1.16445,1.1647,207
3/4/2026 6:20:00 PM,1.1647,1.16505,1.1647,1.16495,410
3/4/2026 6:25:00 PM,1.16485,1.16495,1.1647,1.1648,211
3/4/2026 6:30:00 PM,1.1648,1.1652,1.16475,1.16515,431
3/4/2026 6:35:00 PM,1.1652,1.16525,1.16465,1.1647,469
3/4/2026 6:40:00 PM,1.16465,1.1647,1.1641,1.1641,453
3/4/2026 6:45:00 PM,1.16415,1.16415,1.16365,1.16385,424
3/4/2026 6:50:00 PM,1.1638,1.1638,1.16345,1.16365,461
3/4/2026 6:55:00 PM,1.16365,1.16375,1.1634,1.1636,409
3/4/2026 7:00:00 PM,1.1636,1.16365,1.1632,1.16325,409
3/4/2026 7:05:00 PM,1.16325,1.1636,1.1632,1.16345,273
3/4/2026 7:10:00 PM,1.1635,1.1636,1.16335,1.16345,146
3/4/2026 7:15:00 PM,1.1635,1.1636,1.16345,1.16345,272
3/4/2026 7:20:00 PM,1.16345,1.16365,1.1633,1.16365,153
3/4/2026 7:25:00 PM,1.1636,1.1636,1.16275,1.163,307
3/4/2026 7:30:00 PM,1.163,1.1632,1.1629,1.1632,282
3/4/2026 7:35:00 PM,1.16315,1.1632,1.16275,1.1628,154
3/4/2026 7:40:00 PM,1.1628,1.16295,1.16275,1.16295,148
3/4/2026 7:45:00 PM,1.163,1.16335,1.163,1.16325,228
3/4/2026 7:50:00 PM,1.1633,1.1634,1.16325,1.1634,259
3/4/2026 7:55:00 PM,1.16345,1.16355,1.1632,1.1632,125
3/4/2026 8:00:00 PM,1.16315,1.16315,1.16295,1.163,210
3/4/2026 8:05:00 PM,1.16305,1.16325,1.1629,1.16295,164
3/4/2026 8:10:00 PM,1.163,1.16305,1.16295,1.163,107
3/4/2026 8:15:00 PM,1.16295,1.16295,1.16245,1.16255,305
3/4/2026 8:20:00 PM,1.16255,1.16265,1.1621,1.1622,339
3/4/2026 8:25:00 PM,1.1622,1.16225,1.1619,1.16225,688
3/4/2026 8:30:00 PM,1.16225,1.16225,1.1617,1.16185,406
3/4/2026 8:35:00 PM,1.16195,1.16195,1.16145,1.16155,312
3/4/2026 8:40:00 PM,1.16155,1.162,1.1615,1.16185,203
3/4/2026 8:45:00 PM,1.1619,1.1621,1.1619,1.16195,116
3/4/2026 8:50:00 PM,1.1619,1.16205,1.1618,1.1618,135
3/4/2026 8:55:00 PM,1.16185,1.16195,1.16175,1.1618,180
3/4/2026 9:00:00 PM,1.1618,1.16185,1.1616,1.1618,223
3/4/2026 9:05:00 PM,1.1618,1.16185,1.16145,1.1615,138
3/4/2026 9:10:00 PM,1.16155,1.162,1.16155,1.16185,447
3/4/2026 9:15:00 PM,1.1619,1.16195,1.1618,1.1618,132
3/4/2026 9:20:00 PM,1.16185,1.16185,1.16165,1.16165,204
3/4/2026 9:25:00 PM,1.1616,1.16185,1.1616,1.16175,251
3/4/2026 9:30:00 PM,1.16175,1.16175,1.1612,1.1612,448
3/4/2026 9:35:00 PM,1.1612,1.1615,1.1611,1.1613,408
3/4/2026 9:40:00 PM,1.16135,1.16145,1.1613,1.1614,325
3/4/2026 9:45:00 PM,1.16145,1.16145,1.1612,1.16125,216
3/4/2026 9:50:00 PM,1.16125,1.1613,1.16105,1.16115,402
3/4/2026 9:55:00 PM,1.16115,1.16135,1.16115,1.16135,202
3/4/2026 10:00:00 PM,1.1614,1.16145,1.16125,1.16135,311
3/4/2026 10:05:00 PM,1.1613,1.16135,1.16115,1.16135,247
3/4/2026 10:10:00 PM,1.16135,1.16155,1.1613,1.16145,144
3/4/2026 10:15:00 PM,1.16145,1.1618,1.1614,1.16155,246
3/4/2026 10:20:00 PM,1.16155,1.16165,1.16135,1.1614,123
3/4/2026 10:25:00 PM,1.1614,1.16165,1.16135,1.16165,75
3/4/2026 10:30:00 PM,1.16165,1.16185,1.1616,1.16165,292
3/4/2026 10:35:00 PM,1.16165,1.16165,1.1612,1.16135,374
3/4/2026 10:40:00 PM,1.16135,1.1614,1.16085,1.161,318
3/4/2026 10:45:00 PM,1.16105,1.1612,1.1609,1.1611,269
3/4/2026 10:50:00 PM,1.1611,1.16115,1.16065,1.1607,408
3/4/2026 10:55:00 PM,1.1607,1.1607,1.1602,1.1603,452
3/4/2026 11:00:00 PM,1.16035,1.1604,1.1599,1.15995,551
3/4/2026 11:05:00 PM,1.15995,1.16005,1.1597,1.1599,548
3/4/2026 11:10:00 PM,1.1599,1.15995,1.1594,1.15955,366
3/4/2026 11:15:00 PM,1.1596,1.15975,1.1593,1.1595,554
3/4/2026 11:20:00 PM,1.15945,1.15985,1.15925,1.15985,501
3/4/2026 11:25:00 PM,1.15975,1.16,1.15955,1.16,275
3/4/2026 11:30:00 PM,1.16,1.1601,1.1599,1.15995,222
3/4/2026 11:35:00 PM,1.16,1.16015,1.1598,1.16015,431
3/4/2026 11:40:00 PM,1.16015,1.1605,1.16015,1.16045,526
3/4/2026 11:45:00 PM,1.16045,1.1606,1.1603,1.16045,354
3/4/2026 11:50:00 PM,1.16045,1.16155,1.1601,1.16155,2064
3/4/2026 11:55:00 PM,1.1615,1.1621,1.1607,1.1608,2229
3/5/2026 12:00:00 AM,1.16075,1.16125,1.1607,1.1612,450
3/5/2026 12:05:00 AM,1.16115,1.16155,1.16095,1.161,575
3/5/2026 12:10:00 AM,1.161,1.1612,1.16085,1.1609,687
3/5/2026 12:15:00 AM,1.161,1.16165,1.16075,1.16095,770
3/5/2026 12:20:00 AM,1.1609,1.16095,1.1604,1.16095,1262
3/5/2026 12:25:00 AM,1.16095,1.16125,1.1609,1.1611,513
3/5/2026 12:30:00 AM,1.1611,1.16145,1.1611,1.16135,287
3/5/2026 12:35:00 AM,1.1613,1.1616,1.16125,1.16155,501
3/5/2026 12:40:00 AM,1.1616,1.1619,1.16155,1.1618,373
3/5/2026 12:45:00 AM,1.1618,1.1621,1.16175,1.1618,409
3/5/2026 12:50:00 AM,1.16175,1.16175,1.1614,1.1614,573
3/5/2026 12:55:00 AM,1.1614,1.16145,1.16065,1.16075,640
3/5/2026 1:00:00 AM,1.16075,1.16135,1.1606,1.161,715
3/5/2026 1:05:00 AM,1.161,1.161,1.15975,1.15985,1605
3/5/2026 1:10:00 AM,1.15985,1.16065,1.1598,1.1601,913
3/5/2026 1:15:00 AM,1.16005,1.1601,1.1594,1.15965,1700
3/5/2026 1:20:00 AM,1.1596,1.1602,1.15955,1.1597,760
3/5/2026 1:25:00 AM,1.1597,1.15985,1.15905,1.15935,1350
3/5/2026 1:30:00 AM,1.15935,1.15945,1.15875,1.1588,1771
3/5/2026 1:35:00 AM,1.15885,1.15935,1.15865,1.15915,610
3/5/2026 1:40:00 AM,1.15915,1.15975,1.15915,1.1595,706
3/5/2026 1:45:00 AM,1.15955,1.15995,1.1594,1.1599,647
3/5/2026 1:50:00 AM,1.1599,1.16025,1.1599,1.16015,655
3/5/2026 1:55:00 AM,1.1601,1.1604,1.15985,1.1601,896
3/5/2026 2:00:00 AM,1.16015,1.16055,1.16005,1.16035,1017
3/5/2026 2:05:00 AM,1.16035,1.1612,1.16015,1.1612,1274
3/5/2026 2:10:00 AM,1.1612,1.165,1.16115,1.1639,8384
3/5/2026 2:15:00 AM,1.16385,1.1646,1.16305,1.16455,4077
3/5/2026 2:20:00 AM,1.16455,1.1647,1.1629,1.1632,3360
3/5/2026 2:25:00 AM,1.16315,1.16415,1.16315,1.1639,3507
3/5/2026 2:30:00 AM,1.1639,1.16425,1.16295,1.1632,1418
3/5/2026 2:35:00 AM,1.16315,1.16315,1.1625,1.16275,1083
3/5/2026 2:40:00 AM,1.1628,1.163,1.1621,1.16215,1475
3/5/2026 2:45:00 AM,1.1621,1.16275,1.16195,1.1626,1544
3/5/2026 2:50:00 AM,1.16265,1.1628,1.1622,1.1628,854
3/5/2026 2:55:00 AM,1.16285,1.1629,1.162,1.1621,1101
3/5/2026 3:00:00 AM,1.1622,1.1629,1.16205,1.16275,863
3/5/2026 3:05:00 AM,1.1628,1.16345,1.1627,1.16315,1347
3/5/2026 3:10:00 AM,1.16315,1.16375,1.16295,1.163,2004
3/5/2026 3:15:00 AM,1.163,1.1632,1.1628,1.16285,639
3/5/2026 3:20:00 AM,1.1629,1.16295,1.16255,1.16285,1000
3/5/2026 3:25:00 AM,1.1628,1.16285,1.1625,1.16255,313
3/5/2026 3:30:00 AM,1.1625,1.16265,1.1624,1.16255,670
3/5/2026 3:35:00 AM,1.16255,1.1626,1.16195,1.1621,913
3/5/2026 3:40:00 AM,1.16215,1.1623,1.16165,1.1617,668
3/5/2026 3:45:00 AM,1.1617,1.1617,1.16115,1.1614,745
3/5/2026 3:50:00 AM,1.16145,1.1616,1.16115,1.1612,508
3/5/2026 3:55:00 AM,1.16115,1.1617,1.1611,1.1616,679
3/5/2026 4:00:00 AM,1.1616,1.16195,1.16145,1.1616,727
3/5/2026 4:05:00 AM,1.1616,1.1622,1.1611,1.1619,3663
3/5/2026 4:10:00 AM,1.16195,1.162,1.1617,1.16195,600
3/5/2026 4:15:00 AM,1.16195,1.162,1.1616,1.16195,371
3/5/2026 4:20:00 AM,1.16195,1.1621,1.1615,1.16155,452
3/5/2026 4:25:00 AM,1.1616,1.1617,1.1612,1.16125,562
3/5/2026 4:30:00 AM,1.1612,1.16165,1.1611,1.16135,281
3/5/2026 4:35:00 AM,1.16135,1.1614,1.1611,1.1613,453
3/5/2026 4:40:00 AM,1.16135,1.16155,1.16095,1.16095,928
3/5/2026 4:45:00 AM,1.1609,1.16115,1.1609,1.16105,276
3/5/2026 4:50:00 AM,1.16105,1.16135,1.16105,1.16125,453
3/5/2026 4:55:00 AM,1.16125,1.1616,1.1611,1.16125,610
3/5/2026 5:00:00 AM,1.1613,1.16175,1.16115,1.1616,689
3/5/2026 5:05:00 AM,1.16165,1.16175,1.16125,1.1613,463
3/5/2026 5:10:00 AM,1.16135,1.16175,1.1613,1.16135,328
3/5/2026 5:15:00 AM,1.1613,1.1615,1.16125,1.1614,337
3/5/2026 5:20:00 AM,1.1614,1.16215,1.16135,1.16215,493
3/5/2026 5:25:00 AM,1.16215,1.163,1.1621,1.1624,2702
3/5/2026 5:30:00 AM,1.1624,1.1624,1.16195,1.16215,957
3/5/2026 5:35:00 AM,1.16215,1.16275,1.16205,1.1627,461
3/5/2026 5:40:00 AM,1.16265,1.163,1.16245,1.1628,658
3/5/2026 5:45:00 AM,1.1628,1.163,1.16245,1.16245,465
3/5/2026 5:50:00 AM,1.16245,1.1626,1.16195,1.16205,418
3/5/2026 5:55:00 AM,1.162,1.1621,1.16145,1.1619,1051
3/5/2026 6:00:00 AM,1.16195,1.1627,1.1619,1.16255,937
3/5/2026 6:05:00 AM,1.1625,1.1626,1.1622,1.1624,753
3/5/2026 6:10:00 AM,1.1624,1.16255,1.16215,1.16235,451
3/5/2026 6:15:00 AM,1.1623,1.1629,1.1623,1.16275,525
3/5/2026 6:20:00 AM,1.16275,1.16295,1.16235,1.16245,695
3/5/2026 6:25:00 AM,1.1625,1.1627,1.1616,1.1619,1070
3/5/2026 6:30:00 AM,1.1619,1.162,1.16165,1.16185,622
3/5/2026 6:35:00 AM,1.1618,1.1619,1.16115,1.1617,1729
3/5/2026 6:40:00 AM,1.16165,1.16165,1.1607,1.1607,1710
3/5/2026 6:45:00 AM,1.16075,1.1608,1.1603,1.16035,1162
3/5/2026 6:50:00 AM,1.16035,1.16035,1.15945,1.1597,1596
3/5/2026 6:55:00 AM,1.15975,1.16055,1.1597,1.16015,1141
3/5/2026 7:00:00 AM,1.1601,1.16045,1.16005,1.16025,1054
3/5/2026 7:05:00 AM,1.1602,1.16105,1.16015,1.161,2316
3/5/2026 7:10:00 AM,1.161,1.16125,1.16075,1.16115,1196
3/5/2026 7:15:00 AM,1.1612,1.16135,1.1605,1.1605,647
3/5/2026 7:20:00 AM,1.1605,1.16075,1.1603,1.16055,729
3/5/2026 7:25:00 AM,1.1605,1.16085,1.16025,1.1605,1364
3/5/2026 7:30:00 AM,1.16055,1.1607,1.16025,1.1605,688
3/5/2026 7:35:00 AM,1.16055,1.1612,1.16055,1.1612,1004
3/5/2026 7:40:00 AM,1.16115,1.1612,1.15985,1.15995,1391
3/5/2026 7:45:00 AM,1.15995,1.16055,1.15985,1.16,1622
3/5/2026 7:50:00 AM,1.16,1.16065,1.1597,1.16045,1453
3/5/2026 7:55:00 AM,1.1604,1.16075,1.16015,1.16035,1406
3/5/2026 8:00:00 AM,1.1604,1.1611,1.16035,1.16075,3284
3/5/2026 8:05:00 AM,1.1608,1.1614,1.16075,1.1612,1502
3/5/2026 8:10:00 AM,1.16115,1.1612,1.1601,1.16045,1127
3/5/2026 8:15:00 AM,1.16045,1.1607,1.16005,1.1606,1357
3/5/2026 8:20:00 AM,1.16055,1.1608,1.1593,1.1597,2055
3/5/2026 8:25:00 AM,1.15965,1.15985,1.1591,1.15925,1089
3/5/2026 8:30:00 AM,1.1592,1.15925,1.15825,1.1585,3954
3/5/2026 8:35:00 AM,1.15855,1.1587,1.15825,1.1587,1745
3/5/2026 8:40:00 AM,1.1587,1.15875,1.15745,1.1576,2714
3/5/2026 8:45:00 AM,1.1576,1.1582,1.1574,1.15775,1786
3/5/2026 8:50:00 AM,1.15775,1.15815,1.1576,1.15765,1893
3/5/2026 8:55:00 AM,1.15765,1.15855,1.15765,1.1582,1451
3/5/2026 9:00:00 AM,1.15825,1.15895,1.1582,1.1588,3116
3/5/2026 9:05:00 AM,1.15875,1.15915,1.15805,1.15805,2339
3/5/2026 9:10:00 AM,1.158,1.158,1.1571,1.1573,1644
3/5/2026 9:15:00 AM,1.1573,1.1581,1.15705,1.1579,1170
3/5/2026 9:20:00 AM,1.1579,1.15795,1.1574,1.15745,1485
3/5/2026 9:25:00 AM,1.1574,1.15785,1.1567,1.15685,3128
3/5/2026 9:30:00 AM,1.1568,1.1571,1.15635,1.1566,2557
3/5/2026 9:35:00 AM,1.15655,1.1575,1.1565,1.15735,2666
3/5/2026 9:40:00 AM,1.15735,1.15795,1.15715,1.15795,2210
3/5/2026 9:45:00 AM,1.15795,1.1586,1.15765,1.15845,3121
3/5/2026 9:50:00 AM,1.1585,1.15855,1.158,1.15835,1661
3/5/2026 9:55:00 AM,1.15835,1.1584,1.15765,1.1581,846
3/5/2026 10:00:00 AM,1.15815,1.1589,1.15815,1.15885,985
3/5/2026 10:05:00 AM,1.15885,1.1592,1.1585,1.1591,1646
3/5/2026 10:10:00 AM,1.15905,1.1591,1.15845,1.15855,1110
3/5/2026 10:15:00 AM,1.15855,1.15865,1.15795,1.1583,1937
3/5/2026 10:20:00 AM,1.1583,1.1584,1.158,1.15825,996
3/5/2026 10:25:00 AM,1.1583,1.15935,1.15825,1.1592,1524
3/5/2026 10:30:00 AM,1.15915,1.15915,1.1585,1.1585,844
3/5/2026 10:35:00 AM,1.15855,1.15855,1.1578,1.15785,809
3/5/2026 10:40:00 AM,1.1579,1.15945,1.1577,1.1594,3834
3/5/2026 10:45:00 AM,1.15945,1.15965,1.1586,1.159,2826
3/5/2026 10:50:00 AM,1.159,1.1592,1.1583,1.15875,834
3/5/2026 10:55:00 AM,1.15875,1.15935,1.1586,1.1586,609
3/5/2026 11:00:00 AM,1.1586,1.1594,1.15855,1.15925,725
3/5/2026 11:05:00 AM,1.15925,1.15945,1.15895,1.15895,1075
3/5/2026 11:10:00 AM,1.1589,1.1593,1.1589,1.15905,685
3/5/2026 11:15:00 AM,1.15905,1.15915,1.1587,1.159,484
3/5/2026 11:20:00 AM,1.159,1.15905,1.15785,1.1579,1123
3/5/2026 11:25:00 AM,1.1579,1.159,1.1576,1.1588,3568
3/5/2026 11:30:00 AM,1.1588,1.1589,1.15815,1.15875,941
3/5/2026 11:35:00 AM,1.15875,1.15925,1.15875,1.15895,870
3/5/2026 11:40:00 AM,1.159,1.15935,1.15875,1.1593,668
3/5/2026 11:45:00 AM,1.1593,1.15965,1.159,1.15955,927
3/5/2026 11:50:00 AM,1.15955,1.15955,1.15895,1.15915,682
3/5/2026 11:55:00 AM,1.15915,1.15915,1.1587,1.1589,302
3/5/2026 12:00:00 PM,1.15895,1.1592,1.1588,1.15905,353
3/5/2026 12:05:00 PM,1.15905,1.1593,1.15895,1.15905,201
3/5/2026 12:10:00 PM,1.1591,1.1592,1.15885,1.15895,155
3/5/2026 12:15:00 PM,1.159,1.15905,1.1588,1.15905,169
3/5/2026 12:20:00 PM,1.159,1.159,1.15845,1.15875,434
3/5/2026 12:25:00 PM,1.1588,1.15905,1.15855,1.15865,352
3/5/2026 12:30:00 PM,1.1587,1.1587,1.15815,1.15835,450
3/5/2026 12:35:00 PM,1.1583,1.1583,1.1577,1.158,345
3/5/2026 12:40:00 PM,1.15795,1.158,1.1576,1.1578,593
3/5/2026 12:45:00 PM,1.15785,1.1583,1.15785,1.1582,661
3/5/2026 12:50:00 PM,1.15815,1.15815,1.1578,1.158,254
3/5/2026 12:55:00 PM,1.158,1.1583,1.15765,1.15775,541
3/5/2026 1:00:00 PM,1.1577,1.1578,1.1575,1.15775,2081
3/5/2026 1:05:00 PM,1.15775,1.15845,1.1575,1.1583,1351
3/5/2026 1:10:00 PM,1.15835,1.15955,1.15795,1.15935,2757
3/5/2026 1:15:00 PM,1.15935,1.1608,1.1593,1.1607,3017
3/5/2026 1:20:00 PM,1.1607,1.1613,1.1602,1.1602,1876
3/5/2026 1:25:00 PM,1.16015,1.16075,1.16,1.16075,923
3/5/2026 1:30:00 PM,1.1608,1.16155,1.1608,1.1609,1222
3/5/2026 1:35:00 PM,1.16095,1.1614,1.1606,1.16105,683
3/5/2026 1:40:00 PM,1.16105,1.16145,1.16105,1.1612,806
3/5/2026 1:45:00 PM,1.16115,1.16125,1.16085,1.1609,601
3/5/2026 1:50:00 PM,1.161,1.1612,1.1605,1.16115,774
3/5/2026 1:55:00 PM,1.1612,1.1613,1.1609,1.16125,604
3/5/2026 2:00:00 PM,1.16125,1.16125,1.16075,1.16095,687
3/5/2026 2:05:00 PM,1.16095,1.1613,1.16085,1.16125,525
3/5/2026 2:10:00 PM,1.16125,1.1616,1.16115,1.1615,175
3/5/2026 2:15:00 PM,1.1615,1.16155,1.16105,1.1611,198
3/5/2026 2:20:00 PM,1.1611,1.1612,1.1609,1.1609,105
3/5/2026 2:25:00 PM,1.16095,1.16105,1.1608,1.16085,165
3/5/2026 2:30:00 PM,1.1608,1.1611,1.1607,1.1611,152
3/5/2026 2:35:00 PM,1.16105,1.16125,1.1608,1.16085,186
3/5/2026 2:40:00 PM,1.1608,1.16095,1.16065,1.16095,123
3/5/2026 2:45:00 PM,1.1609,1.16095,1.1608,1.16095,45
3/5/2026 2:50:00 PM,1.16095,1.161,1.1608,1.161,108
3/5/2026 2:55:00 PM,1.161,1.16135,1.16095,1.16125,168
3/5/2026 3:00:00 PM,1.16125,1.1615,1.1612,1.16135,264
3/5/2026 4:05:00 PM,1.16105,1.1615,1.16095,1.16105,507
3/5/2026 4:10:00 PM,1.1611,1.1612,1.1608,1.1611,173
3/5/2026 4:15:00 PM,1.1611,1.1613,1.1611,1.1612,110
3/5/2026 4:20:00 PM,1.1612,1.1613,1.1611,1.16125,133
3/5/2026 4:25:00 PM,1.1613,1.1614,1.16125,1.1614,51
3/5/2026 4:30:00 PM,1.16135,1.16135,1.16125,1.16125,123
3/5/2026 4:35:00 PM,1.1613,1.16135,1.16115,1.16125,116
3/5/2026 4:40:00 PM,1.16125,1.1614,1.16125,1.1614,44
3/5/2026 4:45:00 PM,1.16135,1.1614,1.1613,1.16135,47
3/5/2026 4:50:00 PM,1.16135,1.16145,1.16125,1.1613,170
3/5/2026 4:55:00 PM,1.16125,1.16135,1.1612,1.16135,141
3/5/2026 5:00:00 PM,1.16135,1.16135,1.1611,1.1611,214
3/5/2026 5:05:00 PM,1.1611,1.16135,1.161,1.16135,415
3/5/2026 5:10:00 PM,1.16135,1.1615,1.1613,1.16145,199
3/5/2026 5:15:00 PM,1.1614,1.16145,1.16125,1.16135,119
3/5/2026 5:20:00 PM,1.16135,1.1618,1.16135,1.1618,194
3/5/2026 5:25:00 PM,1.16175,1.16185,1.16165,1.1617,190
3/5/2026 5:30:00 PM,1.16175,1.16185,1.1617,1.1618,79
3/5/2026 5:35:00 PM,1.1618,1.1618,1.16155,1.16165,109
3/5/2026 5:40:00 PM,1.16165,1.16165,1.1614,1.1614,200
3/5/2026 5:45:00 PM,1.1614,1.16155,1.1614,1.16155,100
3/5/2026 5:50:00 PM,1.16155,1.16165,1.16145,1.1616,146
3/5/2026 5:55:00 PM,1.1616,1.16165,1.16155,1.16165,129
3/5/2026 6:00:00 PM,1.1617,1.1618,1.1614,1.16155,286
3/5/2026 6:05:00 PM,1.1615,1.16165,1.1613,1.1615,219
3/5/2026 6:10:00 PM,1.1614,1.1619,1.1614,1.1619,253
3/5/2026 6:15:00 PM,1.16185,1.16205,1.16175,1.162,329
3/5/2026 6:20:00 PM,1.16195,1.16205,1.1618,1.16205,162
3/5/2026 6:25:00 PM,1.162,1.162,1.16145,1.16155,573
3/5/2026 6:30:00 PM,1.16155,1.16155,1.16115,1.1612,274
3/5/2026 6:35:00 PM,1.16115,1.162,1.16115,1.162,311
3/5/2026 6:40:00 PM,1.16205,1.1623,1.1619,1.162,227
3/5/2026 6:45:00 PM,1.162,1.16205,1.16185,1.16195,102
3/5/2026 6:50:00 PM,1.16195,1.16215,1.16175,1.1621,181
3/5/2026 6:55:00 PM,1.1621,1.16235,1.16205,1.16225,149
3/5/2026 7:00:00 PM,1.1623,1.16245,1.16195,1.16195,351
3/5/2026 7:05:00 PM,1.1619,1.1624,1.1619,1.1622,315
3/5/2026 7:10:00 PM,1.16215,1.16215,1.1619,1.16195,447
3/5/2026 7:15:00 PM,1.16195,1.1622,1.1619,1.16215,152
3/5/2026 7:20:00 PM,1.1622,1.16245,1.16215,1.1623,329
3/5/2026 7:25:00 PM,1.1623,1.1624,1.16225,1.16225,116
3/5/2026 7:30:00 PM,1.16225,1.16235,1.1622,1.16235,120
3/5/2026 7:35:00 PM,1.1623,1.16245,1.1622,1.1622,386
3/5/2026 7:40:00 PM,1.16215,1.16225,1.16205,1.1621,157
3/5/2026 7:45:00 PM,1.1621,1.16225,1.16205,1.16225,49
3/5/2026 7:50:00 PM,1.16225,1.16235,1.162,1.16215,153
3/5/2026 7:55:00 PM,1.1621,1.16215,1.162,1.162,172
3/5/2026 8:00:00 PM,1.16205,1.1622,1.16195,1.1621,75
3/5/2026 8:05:00 PM,1.16205,1.1624,1.16205,1.1623,169
3/5/2026 8:10:00 PM,1.1623,1.1624,1.1622,1.1622,103
3/5/2026 8:15:00 PM,1.1622,1.16225,1.16215,1.16215,60
3/5/2026 8:20:00 PM,1.16215,1.1622,1.1621,1.16215,66
3/5/2026 8:25:00 PM,1.16215,1.1625,1.1621,1.1624,76
3/5/2026 8:30:00 PM,1.1624,1.16245,1.1623,1.16235,119
3/5/2026 8:35:00 PM,1.16235,1.1624,1.1621,1.1622,114
3/5/2026 8:40:00 PM,1.16215,1.1623,1.16215,1.16225,70
3/5/2026 8:45:00 PM,1.16225,1.16225,1.1621,1.16215,32
3/5/2026 8:50:00 PM,1.16215,1.1625,1.16215,1.1624,209
3/5/2026 8:55:00 PM,1.1624,1.16245,1.1623,1.16235,103
3/5/2026 9:00:00 PM,1.1624,1.16245,1.16235,1.16245,67
3/5/2026 9:05:00 PM,1.16245,1.16245,1.16225,1.16225,140
3/5/2026 9:10:00 PM,1.16225,1.1624,1.16225,1.16235,40
3/5/2026 9:15:00 PM,1.1624,1.1625,1.16235,1.16235,52
3/5/2026 9:20:00 PM,1.16235,1.1625,1.1623,1.16235,242
3/5/2026 9:25:00 PM,1.16235,1.16235,1.16225,1.16225,84
3/5/2026 9:30:00 PM,1.16225,1.16245,1.16225,1.16245,106
3/5/2026 9:35:00 PM,1.16245,1.16255,1.1624,1.1625,64
3/5/2026 9:40:00 PM,1.1625,1.1625,1.1623,1.1623,65
3/5/2026 9:45:00 PM,1.1623,1.1623,1.16215,1.1622,88
3/5/2026 9:50:00 PM,1.1622,1.16225,1.1621,1.1622,77
3/5/2026 9:55:00 PM,1.1622,1.1622,1.1619,1.16195,98
3/5/2026 10:00:00 PM,1.1619,1.1619,1.16175,1.1618,116
3/5/2026 10:05:00 PM,1.1618,1.1618,1.1616,1.16175,354
3/5/2026 10:10:00 PM,1.1617,1.16195,1.1617,1.1618,144
3/5/2026 10:15:00 PM,1.1618,1.1618,1.16165,1.16165,65
3/5/2026 10:20:00 PM,1.16165,1.1617,1.1616,1.16165,160
3/5/2026 10:25:00 PM,1.1616,1.16175,1.1615,1.16175,274
3/5/2026 10:30:00 PM,1.16175,1.16175,1.1616,1.16165,89
3/5/2026 10:35:00 PM,1.16165,1.16165,1.16135,1.1614,200
3/5/2026 10:40:00 PM,1.1614,1.1618,1.1614,1.1618,166
3/5/2026 10:45:00 PM,1.16185,1.1621,1.16175,1.162,229
3/5/2026 10:50:00 PM,1.162,1.162,1.16115,1.16125,412
3/5/2026 10:55:00 PM,1.1612,1.1614,1.16115,1.16125,225
3/5/2026 11:00:00 PM,1.16125,1.16135,1.161,1.1611,267
3/5/2026 11:05:00 PM,1.1611,1.1613,1.1607,1.16075,511
3/5/2026 11:10:00 PM,1.16075,1.16115,1.16065,1.1611,281
3/5/2026 11:15:00 PM,1.16105,1.1611,1.1609,1.1609,115
3/5/2026 11:20:00 PM,1.16085,1.1611,1.1608,1.16105,96
3/5/2026 11:25:00 PM,1.16105,1.16125,1.16105,1.16125,134
3/5/2026 11:30:00 PM,1.16115,1.1612,1.161,1.161,220
3/5/2026 11:35:00 PM,1.161,1.1611,1.16095,1.16105,162
3/5/2026 11:40:00 PM,1.16105,1.16125,1.1609,1.16125,232
3/5/2026 11:45:00 PM,1.1612,1.1613,1.16105,1.16105,127
3/5/2026 11:50:00 PM,1.16105,1.16155,1.16105,1.16145,425
3/5/2026 11:55:00 PM,1.16145,1.16165,1.1614,1.16155,177
3/6/2026 12:00:00 AM,1.1615,1.16165,1.16145,1.16165,156
3/6/2026 12:05:00 AM,1.1616,1.16175,1.1613,1.16135,502
3/6/2026 12:10:00 AM,1.1613,1.16155,1.16105,1.16125,288
3/6/2026 12:15:00 AM,1.1612,1.1613,1.16115,1.16125,136
3/6/2026 12:20:00 AM,1.1613,1.1618,1.1612,1.16155,349
3/6/2026 12:25:00 AM,1.1616,1.16225,1.1616,1.162,510
3/6/2026 12:30:00 AM,1.162,1.16205,1.1616,1.1616,480
3/6/2026 12:35:00 AM,1.16155,1.16185,1.1614,1.16175,351
3/6/2026 12:40:00 AM,1.16175,1.1619,1.1616,1.1618,363
3/6/2026 12:45:00 AM,1.1618,1.16205,1.1617,1.16185,253
3/6/2026 12:50:00 AM,1.1619,1.16205,1.16175,1.16195,289
3/6/2026 12:55:00 AM,1.16195,1.16195,1.1615,1.1616,381
3/6/2026 1:00:00 AM,1.16165,1.1619,1.1616,1.1619,481
3/6/2026 1:05:00 AM,1.1619,1.1619,1.1611,1.1612,903
3/6/2026 1:10:00 AM,1.16125,1.1617,1.16125,1.16145,995
3/6/2026 1:15:00 AM,1.1614,1.16155,1.16085,1.16145,3099
3/6/2026 1:20:00 AM,1.1615,1.16175,1.1609,1.1612,625
3/6/2026 1:25:00 AM,1.1612,1.1612,1.1608,1.161,436
3/6/2026 1:30:00 AM,1.16095,1.16105,1.1607,1.1608,704
3/6/2026 1:35:00 AM,1.1608,1.1613,1.16075,1.1613,999
3/6/2026 1:40:00 AM,1.1613,1.16155,1.16115,1.16155,486
3/6/2026 1:45:00 AM,1.1616,1.16185,1.1614,1.1614,515
3/6/2026 1:50:00 AM,1.1614,1.16165,1.16115,1.16115,883
3/6/2026 1:55:00 AM,1.16115,1.16125,1.161,1.1612,532
3/6/2026 2:00:00 AM,1.1612,1.16125,1.1606,1.16075,724
3/6/2026 2:05:00 AM,1.1607,1.1607,1.16,1.16,1074
3/6/2026 2:10:00 AM,1.16005,1.16035,1.1598,1.15985,595
3/6/2026 2:15:00 AM,1.1599,1.1599,1.1595,1.15955,1132
3/6/2026 2:20:00 AM,1.1595,1.15965,1.1591,1.1592,997
3/6/2026 2:25:00 AM,1.1592,1.1592,1.15875,1.1589,854
3/6/2026 2:30:00 AM,1.1589,1.159,1.15875,1.15875,473
3/6/2026 2:35:00 AM,1.15875,1.1589,1.15845,1.15845,748
3/6/2026 2:40:00 AM,1.1585,1.1585,1.15805,1.1583,1798
3/6/2026 2:45:00 AM,1.1583,1.1584,1.158,1.1582,794
3/6/2026 2:50:00 AM,1.1582,1.15845,1.1579,1.15815,938
3/6/2026 2:55:00 AM,1.15815,1.15815,1.15765,1.15805,1056
3/6/2026 3:00:00 AM,1.1581,1.15825,1.1578,1.15785,873
3/6/2026 3:05:00 AM,1.15785,1.15845,1.1577,1.15825,738
3/6/2026 3:10:00 AM,1.1583,1.1587,1.15825,1.1586,647
3/6/2026 3:15:00 AM,1.1586,1.1586,1.15815,1.15825,629
3/6/2026 3:20:00 AM,1.15825,1.15855,1.15815,1.1584,729
3/6/2026 3:25:00 AM,1.1584,1.15865,1.1583,1.1583,590
3/6/2026 3:30:00 AM,1.15835,1.15895,1.158,1.1585,2114
3/6/2026 3:35:00 AM,1.15845,1.1586,1.15805,1.15825,1009
3/6/2026 3:40:00 AM,1.1583,1.15885,1.15825,1.15865,392
3/6/2026 3:45:00 AM,1.15865,1.15865,1.1581,1.1581,452
3/6/2026 3:50:00 AM,1.1581,1.1585,1.15805,1.15835,585
3/6/2026 3:55:00 AM,1.1584,1.1588,1.1584,1.1586,516
3/6/2026 4:00:00 AM,1.15865,1.15875,1.1583,1.1583,810
3/6/2026 4:05:00 AM,1.1583,1.15835,1.15795,1.15805,646
3/6/2026 4:10:00 AM,1.15805,1.15805,1.1572,1.15725,2111
3/6/2026 4:15:00 AM,1.15725,1.15855,1.1571,1.1585,2393
3/6/2026 4:20:00 AM,1.1585,1.1585,1.15785,1.15825,942
3/6/2026 4:25:00 AM,1.15825,1.1585,1.1582,1.1584,339
3/6/2026 4:30:00 AM,1.15835,1.1585,1.15805,1.15825,472
3/6/2026 4:35:00 AM,1.15825,1.15825,1.15775,1.15785,279
3/6/2026 4:40:00 AM,1.15785,1.15785,1.1576,1.1576,296
3/6/2026 4:45:00 AM,1.15765,1.1578,1.1569,1.15705,1060
3/6/2026 4:50:00 AM,1.1571,1.15735,1.1569,1.15725,692
3/6/2026 4:55:00 AM,1.1573,1.15735,1.1568,1.15695,587
3/6/2026 5:00:00 AM,1.15695,1.157,1.1565,1.1567,1428
3/6/2026 5:05:00 AM,1.15675,1.15695,1.1562,1.15625,2044
3/6/2026 5:10:00 AM,1.15625,1.15655,1.1559,1.15595,1821
3/6/2026 5:15:00 AM,1.15595,1.15595,1.1557,1.15575,1652
3/6/2026 5:20:00 AM,1.15575,1.1567,1.15575,1.1567,844
3/6/2026 5:25:00 AM,1.15665,1.15685,1.15605,1.15635,688
3/6/2026 5:30:00 AM,1.1564,1.1567,1.1563,1.15665,725
3/6/2026 5:35:00 AM,1.15665,1.15725,1.15665,1.15705,1448
3/6/2026 5:40:00 AM,1.15705,1.15705,1.1565,1.15705,796
3/6/2026 5:45:00 AM,1.1571,1.1573,1.15685,1.15695,685
3/6/2026 5:50:00 AM,1.1569,1.1571,1.1561,1.15625,913
3/6/2026 5:55:00 AM,1.15625,1.15665,1.15625,1.15645,612
3/6/2026 6:00:00 AM,1.15645,1.1567,1.15585,1.15595,1442
3/6/2026 6:05:00 AM,1.1559,1.1566,1.1559,1.1562,916
3/6/2026 6:10:00 AM,1.1562,1.1569,1.15605,1.15655,976
3/6/2026 6:15:00 AM,1.1565,1.15705,1.1565,1.15685,1005
3/6/2026 6:20:00 AM,1.1569,1.1572,1.1568,1.15705,779
3/6/2026 6:25:00 AM,1.1571,1.15715,1.1566,1.1568,2092
3/6/2026 6:30:00 AM,1.1568,1.1571,1.1567,1.15695,804
3/6/2026 6:35:00 AM,1.1569,1.16015,1.15665,1.15945,9602
3/6/2026 6:40:00 AM,1.1594,1.1597,1.1584,1.1596,3566
3/6/2026 6:45:00 AM,1.1596,1.15975,1.1584,1.15945,2620
3/6/2026 6:50:00 AM,1.1594,1.1595,1.15765,1.158,5989
3/6/2026 6:55:00 AM,1.158,1.15825,1.1563,1.1564,4830
3/6/2026 7:00:00 AM,1.15645,1.1565,1.15545,1.1559,3473
3/6/2026 7:05:00 AM,1.1559,1.15675,1.15575,1.15615,2506
3/6/2026 7:10:00 AM,1.15615,1.1562,1.1551,1.15535,4015
3/6/2026 7:15:00 AM,1.15535,1.15625,1.15515,1.1561,1773
3/6/2026 7:20:00 AM,1.15605,1.15615,1.1553,1.1555,1243
3/6/2026 7:25:00 AM,1.1555,1.1559,1.155,1.15525,2218
3/6/2026 7:30:00 AM,1.1553,1.1563,1.15515,1.15615,2098
3/6/2026 7:35:00 AM,1.15615,1.15725,1.15615,1.157,3550
3/6/2026 7:40:00 AM,1.15705,1.15715,1.1558,1.15655,1988
3/6/2026 7:45:00 AM,1.1565,1.15745,1.1564,1.15705,2118
3/6/2026 7:50:00 AM,1.15705,1.1574,1.1567,1.15695,1599
3/6/2026 7:55:00 AM,1.15695,1.1579,1.15685,1.15755,2666
3/6/2026 8:00:00 AM,1.15755,1.1579,1.1573,1.15765,2658
3/6/2026 8:05:00 AM,1.1576,1.1597,1.1576,1.15905,4829
3/6/2026 8:10:00 AM,1.159,1.1592,1.1579,1.15825,2558
3/6/2026 8:15:00 AM,1.15825,1.15945,1.15815,1.15945,2288
3/6/2026 8:20:00 AM,1.15945,1.15975,1.15875,1.1588,2180
3/6/2026 8:25:00 AM,1.1588,1.15935,1.15855,1.1592,2252
3/6/2026 8:30:00 AM,1.1592,1.1592,1.15765,1.158,2527
3/6/2026 8:35:00 AM,1.15805,1.159,1.15805,1.1588,1120
3/6/2026 8:40:00 AM,1.15885,1.159,1.1585,1.1589,1006
3/6/2026 8:45:00 AM,1.1589,1.15895,1.15785,1.15825,1446
3/6/2026 8:50:00 AM,1.15825,1.15865,1.1576,1.15785,1082
3/6/2026 8:55:00 AM,1.1578,1.15795,1.1575,1.1579,764
3/6/2026 9:00:00 AM,1.1579,1.15855,1.15785,1.1584,2704
3/6/2026 9:05:00 AM,1.15835,1.15985,1.1583,1.1597,3482
3/6/2026 9:10:00 AM,1.15975,1.16045,1.15965,1.16025,5026
3/6/2026 9:15:00 AM,1.16025,1.16035,1.15925,1.15945,3451
3/6/2026 9:20:00 AM,1.15945,1.1609,1.15935,1.1609,2013
3/6/2026 9:25:00 AM,1.16095,1.16115,1.1601,1.1603,1346
3/6/2026 9:30:00 AM,1.1603,1.16045,1.16,1.16015,1056
3/6/2026 9:35:00 AM,1.16015,1.1606,1.1599,1.1603,1151
3/6/2026 9:40:00 AM,1.1603,1.16135,1.16015,1.1609,1084
3/6/2026 9:45:00 AM,1.16095,1.16135,1.16065,1.1613,1995
3/6/2026 9:50:00 AM,1.1613,1.1618,1.1612,1.1612,1261
3/6/2026 9:55:00 AM,1.16115,1.1617,1.1609,1.1611,972
3/6/2026 10:00:00 AM,1.16115,1.16115,1.16055,1.161,1063
3/6/2026 10:05:00 AM,1.16095,1.1613,1.16055,1.16105,1398
3/6/2026 10:10:00 AM,1.16105,1.16105,1.1602,1.1605,1258
3/6/2026 10:15:00 AM,1.1605,1.16065,1.16,1.1601,979
3/6/2026 10:20:00 AM,1.1601,1.16075,1.16,1.1607,1992
3/6/2026 10:25:00 AM,1.16075,1.1614,1.16045,1.16075,1766
3/6/2026 10:30:00 AM,1.16065,1.1607,1.16,1.16,1176
3/6/2026 10:35:00 AM,1.15995,1.1606,1.15995,1.16055,639
3/6/2026 10:40:00 AM,1.16055,1.16055,1.15985,1.16005,947
3/6/2026 10:45:00 AM,1.16005,1.16045,1.1599,1.1604,1553
3/6/2026 10:50:00 AM,1.1604,1.16085,1.16005,1.16055,1145
3/6/2026 10:55:00 AM,1.16065,1.161,1.16025,1.16025,668
3/6/2026 11:00:00 AM,1.16025,1.1606,1.16,1.16,668
3/6/2026 11:05:00 AM,1.16005,1.16085,1.15995,1.16005,1636
3/6/2026 11:10:00 AM,1.16015,1.1611,1.1601,1.161,899
3/6/2026 11:15:00 AM,1.161,1.1622,1.16085,1.1619,1923
3/6/2026 11:20:00 AM,1.1619,1.1624,1.16165,1.16225,1891
3/6/2026 11:25:00 AM,1.16225,1.1626,1.1615,1.16165,1355
3/6/2026 11:30:00 AM,1.1616,1.1616,1.16095,1.16105,1016
3/6/2026 11:35:00 AM,1.161,1.16145,1.161,1.16115,1001
3/6/2026 11:40:00 AM,1.16115,1.1612,1.1604,1.16055,1361
3/6/2026 11:45:00 AM,1.16055,1.16085,1.16045,1.1607,429
3/6/2026 11:50:00 AM,1.1607,1.1609,1.16025,1.1603,630
3/6/2026 11:55:00 AM,1.1603,1.16035,1.15975,1.15985,476
3/6/2026 12:00:00 PM,1.1599,1.16065,1.1599,1.1603,831
3/6/2026 12:05:00 PM,1.1603,1.16035,1.1601,1.16025,289
3/6/2026 12:10:00 PM,1.16025,1.1609,1.16015,1.16075,459
3/6/2026 12:15:00 PM,1.1607,1.1611,1.1607,1.16095,352
3/6/2026 12:20:00 PM,1.16095,1.1613,1.1608,1.1613,634
3/6/2026 12:25:00 PM,1.1613,1.1613,1.16065,1.1608,1005
3/6/2026 12:30:00 PM,1.1608,1.1611,1.16055,1.161,577
3/6/2026 12:35:00 PM,1.161,1.1612,1.1609,1.16095,337
3/6/2026 12:40:00 PM,1.161,1.16125,1.16065,1.16085,584
3/6/2026 12:45:00 PM,1.16085,1.16125,1.16085,1.1609,336
3/6/2026 12:50:00 PM,1.1609,1.16095,1.16055,1.16065,300
3/6/2026 12:55:00 PM,1.1606,1.1612,1.1606,1.1612,431
3/6/2026 1:00:00 PM,1.1612,1.1614,1.16045,1.16055,2422
3/6/2026 1:05:00 PM,1.16055,1.161,1.16055,1.1609,1002
3/6/2026 1:10:00 PM,1.161,1.161,1.16075,1.1609,251
3/6/2026 1:15:00 PM,1.16095,1.161,1.16065,1.16095,347
3/6/2026 1:20:00 PM,1.16095,1.16095,1.16055,1.1606,158
3/6/2026 1:25:00 PM,1.16055,1.1606,1.16035,1.16045,324
3/6/2026 1:30:00 PM,1.16045,1.16055,1.16015,1.1603,362
3/6/2026 1:35:00 PM,1.1603,1.16045,1.16015,1.16015,255
3/6/2026 1:40:00 PM,1.1601,1.16075,1.16,1.16075,516
3/6/2026 1:45:00 PM,1.1608,1.1611,1.16065,1.1607,553
3/6/2026 1:50:00 PM,1.16075,1.16125,1.16065,1.16105,1017
3/6/2026 1:55:00 PM,1.161,1.1614,1.161,1.1614,741
3/6/2026 2:00:00 PM,1.1614,1.1614,1.161,1.16105,387
3/6/2026 2:05:00 PM,1.161,1.16165,1.16095,1.1616,559
3/6/2026 2:10:00 PM,1.16155,1.16195,1.16155,1.1617,573
3/6/2026 2:15:00 PM,1.1617,1.1622,1.1617,1.1622,241
3/6/2026 2:20:00 PM,1.16215,1.16215,1.1619,1.16195,91
3/6/2026 2:25:00 PM,1.162,1.1622,1.162,1.1622,101
3/6/2026 2:30:00 PM,1.16225,1.16225,1.16205,1.16205,249
3/6/2026 2:35:00 PM,1.162,1.162,1.1616,1.16165,216
3/6/2026 2:40:00 PM,1.16165,1.16185,1.16165,1.16175,99
3/6/2026 2:45:00 PM,1.16165,1.16175,1.16155,1.1616,55
3/6/2026 2:50:00 PM,1.16155,1.16155,1.16115,1.1615,325
3/6/2026 2:55:00 PM,1.1614,1.16185,1.1614,1.1618,208
